time_s,pos_err_m,ang_err_deg
2.000000,0.000029,0.000014
2.000000,0.000027,0.000015
2.000000,0.000025,0.000016
2.000000,0.000023,0.000017
2.000000,0.000020,0.000016
2.000000,0.000019,0.000017
2.000000,0.000017,0.000018
2.000000,0.000016,0.000019
2.100000,0.000012,0.000019
2.100000,0.000011,0.000020
2.100000,0.000009,0.000021
2.100000,0.000009,0.000022
2.100000,0.000007,0.000022
2.100000,0.000006,0.000023
2.100000,0.000006,0.000024
2.100000,0.000005,0.000024
2.200000,0.000009,0.000025
2.200000,0.000010,0.000025
2.200000,0.000010,0.000025
2.200000,0.000010,0.000025
2.200000,0.000010,0.000025
2.200000,0.000009,0.000025
2.200000,0.000008,0.000025
2.200000,0.000008,0.000025
2.300000,0.000024,0.000029
2.300000,0.000023,0.000029
2.300000,0.000027,0.000028
2.300000,0.000026,0.000027
2.300000,0.000024,0.000027
2.300000,0.000023,0.000026
2.300000,0.000021,0.000025
2.300000,0.000019,0.000024
2.400000,0.000017,0.000023
2.400000,0.000023,0.000021
2.400000,0.000022,0.000020
2.400000,0.000021,0.000019
2.400000,0.000019,0.000019
2.400000,0.000018,0.000018
2.400000,0.000022,0.000021
2.400000,0.000021,0.000020
2.400000,0.000020,0.000019
2.500000,0.000019,0.000019
2.500000,0.000018,0.000019
2.500000,0.000020,0.000018
2.500000,0.000019,0.000018
2.500000,0.000020,0.000018
2.500000,0.000019,0.000018
2.500000,0.000018,0.000017
2.500000,0.000018,0.000017
2.600000,0.000018,0.000016
2.600000,0.000017,0.000016
2.600000,0.000017,0.000015
2.600000,0.000016,0.000015
2.600000,0.000016,0.000015
2.600000,0.000016,0.000014
2.600000,0.000015,0.000014
2.600000,0.000015,0.000014
2.600000,0.000014,0.000013
2.700000,0.000014,0.000013
2.700000,0.000014,0.000013
2.700000,0.000012,0.000012
2.700000,0.000012,0.000012
2.700000,0.000011,0.000011
2.700000,0.000011,0.000011
2.700000,0.000009,0.000010
2.700000,0.000009,0.000010
2.800000,0.000010,0.000011
2.800000,0.000010,0.000011
2.800000,0.000011,0.000011
2.800000,0.000009,0.000010
2.800000,0.000006,0.000009
2.800000,0.000007,0.000009
2.800000,0.000007,0.000009
2.800000,0.000008,0.000010
2.900000,0.000009,0.000011
2.900000,0.000002,0.000006
2.900000,0.000003,0.000007
2.900000,0.000004,0.000008
2.900000,0.000005,0.000008
2.900000,0.000007,0.000009
2.900000,0.000008,0.000010
2.900000,0.000010,0.000011
3.000000,0.000012,0.000012
3.000000,0.000002,0.000004
3.000000,0.000001,0.000005
3.000000,0.000000,0.000005
3.000000,0.000003,0.000003
3.000000,0.000003,0.000003
3.000000,0.000005,0.000002
3.000000,0.000004,0.000002
3.000000,0.000003,0.000003
3.100000,0.000005,0.000002
3.100000,0.000004,0.000002
3.100000,0.000004,0.000002
3.100000,0.000004,0.000002
3.100000,0.000004,0.000002
3.100000,0.000004,0.000002
3.100000,0.000005,0.000001
3.100000,0.000006,0.000000
3.200000,0.000006,0.000000
3.200000,0.000007,0.000000
3.200000,0.000008,0.000001
3.200000,0.000009,0.000002
3.200000,0.000010,0.000002
3.200000,0.000004,0.000000
3.200000,0.000005,0.000000
3.200000,0.000006,0.000001
3.300000,0.000003,0.000001
3.300000,0.000004,0.000000
3.300000,0.000005,0.000001
3.300000,0.000006,0.000002
3.300000,0.000003,0.000001
3.300000,0.000003,0.000000
3.300000,0.000001,0.000001
3.300000,0.000002,0.000001
3.400000,0.000002,0.000001
3.400000,0.000001,0.000003
3.400000,0.000001,0.000002
3.400000,0.000000,0.000002
3.400000,0.000003,0.000004
3.400000,0.000002,0.000004
3.400000,0.000005,0.000004
3.400000,0.000004,0.000004
3.500000,0.000004,0.000003
3.500000,0.000006,0.000004
3.500000,0.000006,0.000004
3.500000,0.000006,0.000004
3.500000,0.000008,0.000006
3.500000,0.000008,0.000006
3.500000,0.000009,0.000006
3.500000,0.000009,0.000007
3.500000,0.000010,0.000007
3.600000,0.000010,0.000007
3.600000,0.000011,0.000008
3.600000,0.000011,0.000008
3.600000,0.000012,0.000008
3.600000,0.000013,0.000008
3.600000,0.000013,0.000009
3.600000,0.000014,0.000009
3.600000,0.000014,0.000009
3.700000,0.000015,0.000010
3.700000,0.000016,0.000010
3.700000,0.000017,0.000011
3.700000,0.000018,0.000012
3.700000,0.000017,0.000011
3.700000,0.000017,0.000011
3.700000,0.000018,0.000011
3.700000,0.000018,0.000011
3.800000,0.000019,0.000011
3.800000,0.000017,0.000010
3.800000,0.000018,0.000011
3.800000,0.000018,0.000011
3.800000,0.000019,0.000011
3.800000,0.000016,0.000010
3.800000,0.000017,0.000010
3.800000,0.000013,0.000008
3.800000,0.000014,0.000008
3.900000,0.000014,0.000008
3.900000,0.000009,0.000006
3.900000,0.000009,0.000005
3.900000,0.000009,0.000005
3.900000,0.000004,0.000002
3.900000,0.000004,0.000002
3.900000,0.000001,0.000001
4.000000,0.000001,0.000000
4.000000,0.000003,0.000002
4.000000,0.000004,0.000002
4.000000,0.000004,0.000003
4.000000,0.000005,0.000003
4.000000,0.000010,0.000006
4.000000,0.000011,0.000007
4.000000,0.000012,0.000007
4.100000,0.000013,0.000008
4.100000,0.000013,0.000008
4.100000,0.000014,0.000008
4.100000,0.000014,0.000008
4.100000,0.000014,0.000009
4.100000,0.000014,0.000009
4.100000,0.000015,0.000009
4.100000,0.000015,0.000009
4.200000,0.000012,0.000007
4.200000,0.000012,0.000007
4.200000,0.000010,0.000006
4.200000,0.000010,0.000006
4.200000,0.000010,0.000006
4.200000,0.000010,0.000006
4.200000,0.000003,0.000001
4.200000,0.000003,0.000001
4.200000,0.000002,0.000001
4.300000,0.000001,0.000001
4.300000,0.000002,0.000001
4.300000,0.000002,0.000002
4.300000,0.000003,0.000002
4.300000,0.000004,0.000003
4.300000,0.000008,0.000005
4.300000,0.000009,0.000006
4.300000,0.000010,0.000006
4.400000,0.000010,0.000006
4.400000,0.000012,0.000007
4.400000,0.000013,0.000007
4.400000,0.000013,0.000007
4.400000,0.000014,0.000008
4.400000,0.000014,0.000008
4.400000,0.000014,0.000008
4.500000,0.000014,0.000008
4.500000,0.000015,0.000009
4.500000,0.000015,0.000009
4.500000,0.000015,0.000009
4.500000,0.000014,0.000008
4.500000,0.000014,0.000008
4.500000,0.000013,0.000008
4.500000,0.000012,0.000007
4.600000,0.000011,0.000007
4.600000,0.000011,0.000007
4.600000,0.000009,0.000005
4.600000,0.000008,0.000005
4.600000,0.000008,0.000005
4.600000,0.000005,0.000003
4.600000,0.000004,0.000003
4.600000,0.000001,0.000001
4.700000,0.000001,0.000001
4.700000,0.000000,0.000000
4.700000,0.000000,0.000000
4.700000,0.000003,0.000002
4.700000,0.000004,0.000002
4.700000,0.000007,0.000003
4.700000,0.000007,0.000003
4.700000,0.000007,0.000003
4.800000,0.000007,0.000003
4.800000,0.000007,0.000003
4.800000,0.000010,0.000005
4.800000,0.000010,0.000005
4.800000,0.000009,0.000005
4.800000,0.000009,0.000004
4.800000,0.000009,0.000004
4.800000,0.000008,0.000004
4.900000,0.000007,0.000003
4.900000,0.000007,0.000003
4.900000,0.000007,0.000003
4.900000,0.000005,0.000002
4.900000,0.000004,0.000002
4.900000,0.000004,0.000001
4.900000,0.000004,0.000001
4.900000,0.000001,0.000001
5.000000,0.000001,0.000002
5.000000,0.000002,0.000002
5.000000,0.000002,0.000002
5.000000,0.000004,0.000004
5.000000,0.000004,0.000004
5.000000,0.000005,0.000004
5.000000,0.000006,0.000005
5.100000,0.000006,0.000005
5.100000,0.000007,0.000006
5.100000,0.000007,0.000005
5.100000,0.000007,0.000005
5.100000,0.000008,0.000006
5.100000,0.000007,0.000005
5.100000,0.000007,0.000005
5.100000,0.000007,0.000005
5.200000,0.000007,0.000005
5.200000,0.000006,0.000004
5.200000,0.000006,0.000004
5.200000,0.000005,0.000004
5.200000,0.000005,0.000004
5.200000,0.000005,0.000004
5.200000,0.000004,0.000004
5.300000,0.000004,0.000003
5.300000,0.000004,0.000003
5.300000,0.000000,0.000001
5.300000,0.000000,0.000001
5.300000,0.000000,0.000001
5.300000,0.000002,0.000000
5.300000,0.000002,0.000000
5.300000,0.000002,0.000000
5.400000,0.000004,0.000001
5.400000,0.000004,0.000001
5.400000,0.000004,0.000001
5.400000,0.000003,0.000000
5.400000,0.000003,0.000000
5.400000,0.000005,0.000001
5.400000,0.000005,0.000001
5.400000,0.000005,0.000001
5.500000,0.000005,0.000001
5.500000,0.000004,0.000001
5.500000,0.000004,0.000001
5.500000,0.000004,0.000000
5.500000,0.000003,0.000000
5.500000,0.000002,0.000000
5.500000,0.000002,0.000000
5.500000,0.000001,0.000001
5.600000,0.000001,0.000001
5.600000,0.000001,0.000001
5.600000,0.000000,0.000002
5.600000,0.000001,0.000002
5.600000,0.000001,0.000002
5.600000,0.000003,0.000003
5.600000,0.000003,0.000003
5.600000,0.000002,0.000003
5.700000,0.000004,0.000004
5.700000,0.000003,0.000004
5.700000,0.000004,0.000004
5.700000,0.000004,0.000004
5.700000,0.000004,0.000004
5.700000,0.000004,0.000004
5.700000,0.000004,0.000004
5.700000,0.000004,0.000004
5.800000,0.000003,0.000004
5.800000,0.000003,0.000004
5.800000,0.000003,0.000003
5.800000,0.000002,0.000003
5.800000,0.000001,0.000002
5.800000,0.000001,0.000002
5.800000,0.000000,0.000002
5.900000,0.000000,0.000002
5.900000,0.000001,0.000002
5.900000,0.000002,0.000001
5.900000,0.000002,0.000001
5.900000,0.000003,0.000000
5.900000,0.000003,0.000000
5.900000,0.000003,0.000000
6.000000,0.000003,0.000000
6.000000,0.000003,0.000000
6.000000,0.000003,0.000000
6.000000,0.000003,0.000000
6.000000,0.000003,0.000000
6.000000,0.000003,0.000001
6.000000,0.000003,0.000000
6.000000,0.000002,0.000001
6.100000,0.000002,0.000001
6.100000,0.000002,0.000001
6.100000,0.000001,0.000001
6.100000,0.000001,0.000001
6.100000,0.000000,0.000002
6.100000,0.000000,0.000002
6.100000,0.000001,0.000002
6.100000,0.000001,0.000003
6.200000,0.000001,0.000003
6.200000,0.000001,0.000003
6.200000,0.000001,0.000003
6.200000,0.000002,0.000003
6.200000,0.000003,0.000003
6.200000,0.000002,0.000003
6.200000,0.000002,0.000003
6.200000,0.000002,0.000003
6.300000,0.000002,0.000003
6.300000,0.000002,0.000003
6.300000,0.000002,0.000003
6.300000,0.000002,0.000003
6.300000,0.000002,0.000003
6.300000,0.000002,0.000003
6.300000,0.000002,0.000003
6.300000,0.000002,0.000003
6.400000,0.000002,0.000003
6.400000,0.000001,0.000002
6.400000,0.000001,0.000002
6.400000,0.000000,0.000002
6.400000,0.000000,0.000002
6.400000,0.000001,0.000001
6.400000,0.000001,0.000001
6.500000,0.000001,0.000001
6.500000,0.000002,0.000001
6.500000,0.000002,0.000001
6.500000,0.000002,0.000001
6.500000,0.000002,0.000001
6.500000,0.000002,0.000001
6.500000,0.000002,0.000001
6.500000,0.000002,0.000001
6.600000,0.000002,0.000001
6.600000,0.000002,0.000001
6.600000,0.000002,0.000001
6.600000,0.000002,0.000001
6.600000,0.000001,0.000001
6.600000,0.000001,0.000002
6.700000,0.000001,0.000002
6.700000,0.000000,0.000002
6.700000,0.000000,0.000002
6.700000,0.000000,0.000002
6.700000,0.000000,0.000002
6.700000,0.000000,0.000002
6.800000,0.000000,0.000002
6.800000,0.000000,0.000002
6.800000,0.000000,0.000002
6.800000,0.000000,0.000002
6.800000,0.000000,0.000002
6.800000,0.000000,0.000002
6.800000,0.000002,0.000003
6.900000,0.000002,0.000003
6.900000,0.000002,0.000003
6.900000,0.000002,0.000003
6.900000,0.000001,0.000003
6.900000,0.000001,0.000003
6.900000,0.000001,0.000003
6.900000,0.000001,0.000002
7.000000,0.000001,0.000002
7.000000,0.000000,0.000002
7.000000,0.000000,0.000002
7.000000,0.000000,0.000002
7.000000,0.000000,0.000002
7.000000,0.000000,0.000002
7.000000,0.000000,0.000002
7.100000,0.000000,0.000002
7.100000,0.000000,0.000002
7.100000,0.000000,0.000002
7.100000,0.000000,0.000002
7.100000,0.000000,0.000002
7.100000,0.000000,0.000002
7.100000,0.000000,0.000002
7.100000,0.000001,0.000001
7.200000,0.000001,0.000001
7.200000,0.000001,0.000001
7.200000,0.000001,0.000002
7.200000,0.000001,0.000002
7.200000,0.000000,0.000002
7.200000,0.000000,0.000002
7.300000,0.000000,0.000002
7.300000,0.000085,0.000007
7.300000,0.000150,0.000012
7.300000,0.000235,0.000016
7.300000,0.000315,0.000015
7.300000,0.000440,0.000014
7.400000,0.000600,0.000017
7.400000,0.000750,0.000019
7.400000,0.000860,0.000021
7.400000,0.001010,0.000021
7.400000,0.001170,0.007982
7.400000,0.001338,0.045772
7.400000,0.001457,0.090876
7.500000,0.001555,0.135238
7.500000,0.001713,0.206923
7.500000,0.001860,0.273565
7.500000,0.001978,0.333528
7.500000,0.002126,0.419736
7.500000,0.002263,0.508793
7.500000,0.002390,0.593835
7.600000,0.002556,0.700868
7.600000,0.002713,0.793366
7.600000,0.002860,0.874045
7.600000,0.003008,0.952926
7.600000,0.003145,1.028471
7.600000,0.003312,1.125041
7.600000,0.003479,1.225973
7.700000,0.003606,1.304038
7.700000,0.003763,1.398724
7.700000,0.003881,1.467927
7.700000,0.004009,1.541279
7.700000,0.004176,1.635981
7.700000,0.004352,1.736879
7.800000,0.004519,1.833986
7.800000,0.004676,1.926768
7.800000,0.004794,1.996650
7.800000,0.004902,2.060521
7.800000,0.005030,2.135479
7.800000,0.005177,2.229152
7.800000,0.005294,2.320472
7.800000,0.005439,2.460908
7.900000,0.005545,2.595439
7.900000,0.005697,2.843315
7.900000,0.005866,3.177072
7.900000,0.005987,3.436500
7.900000,0.006136,3.763228
7.900000,0.006275,4.093623
8.000000,0.006431,4.502435
8.000000,0.006541,4.816736
8.000000,0.006686,5.259685
8.000000,0.006830,5.724071
8.000000,0.006992,6.262585
8.000000,0.007153,6.819464
8.100000,0.007322,7.432138
8.100000,0.007455,7.941505
8.100000,0.007561,8.365159
8.100000,0.007691,8.914885
8.100000,0.007830,9.525000
8.100000,0.007942,10.038773
8.100000,0.008095,10.801264
8.200000,0.008197,11.341094
8.200000,0.008330,12.094470
8.200000,0.008430,12.673060
8.200000,0.008539,13.298032
8.200000,0.008656,13.956617
8.200000,0.008764,14.550837
8.200000,0.008873,15.132162
8.200000,0.008981,15.708763
8.300000,0.009130,16.526679
8.300000,0.009245,17.199561
8.300000,0.008690,17.953407
8.300000,0.008543,18.721644
8.300000,0.008579,19.381403
8.300000,0.008684,20.025542
8.400000,0.008838,20.938707
8.400000,0.008967,21.710852
8.400000,0.009079,22.414129
8.400000,0.009175,23.040331
8.400000,0.009293,23.842748
8.400000,0.008379,24.288791
8.400000,0.008438,24.690233
8.500000,0.008519,24.672229
8.500000,0.008250,24.318040
8.500000,0.008306,24.359835
8.500000,0.008364,24.803069
8.500000,0.008431,25.691048
8.500000,0.008679,27.054571
8.500000,0.008912,28.250079
8.600000,0.009112,29.189689
8.600000,0.008395,29.638054
8.600000,0.008669,30.440604
8.600000,0.008875,30.982248
8.600000,0.009115,31.651178
8.600000,0.009354,32.429091
8.600000,0.009623,33.476768
8.700000,0.008884,33.894671
8.700000,0.009101,34.836150
8.700000,0.009336,35.799956
8.700000,0.009536,36.568848
8.700000,0.009821,37.603392
8.700000,0.010089,38.577605
8.700000,0.009750,38.896770
8.800000,0.009854,39.737100
8.800000,0.010070,40.623575
8.800000,0.010334,41.728424
8.800000,0.010598,42.821146
8.800000,0.010215,43.078761
8.800000,0.010448,44.020092
8.800000,0.010722,44.926123
8.900000,0.010619,44.715864
8.900000,0.010834,45.015856
8.900000,0.011089,45.113969
8.900000,0.010967,44.342053
8.900000,0.011018,44.201438
8.900000,0.010775,43.159850
8.900000,0.010782,43.107252
9.000000,0.010634,42.603325
9.000000,0.010633,42.674189
9.000000,0.010500,42.302704
9.000000,0.010499,42.357326
9.000000,0.010499,42.367895
9.000000,0.010500,42.334584
9.000000,0.010501,42.274409
9.100000,0.010502,42.229388
9.100000,0.010502,42.221759
9.100000,0.010502,42.244805
9.100000,0.009401,37.377535
9.100000,0.009401,37.403329
9.100000,0.009134,35.814852
9.100000,0.009134,35.804660
9.200000,0.009135,35.780061
9.200000,0.009135,35.766005
9.200000,0.009135,35.763198
9.200000,0.009135,35.770053
9.200000,0.009135,35.779503
9.200000,0.009135,35.790239
9.200000,0.009135,35.794432
9.300000,0.008052,29.341347
9.300000,0.008052,29.336294
9.300000,0.008052,29.330534
9.300000,0.008053,29.326494
9.300000,0.008126,29.326708
9.300000,0.007659,25.995038
9.300000,0.007737,25.999108
9.400000,0.007724,25.523813
9.400000,0.007817,25.523635
9.400000,0.007667,24.196808
9.400000,0.007765,24.194155
9.400000,0.007903,24.192685
9.400000,0.008002,24.192373
9.400000,0.008150,24.192960
9.500000,0.007866,21.874377
9.500000,0.007985,21.875309
9.500000,0.008123,21.875846
9.500000,0.008262,21.875699
9.500000,0.008381,21.875189
9.500000,0.008490,21.874606
9.500000,0.008688,21.873830
9.600000,0.007540,17.137092
9.600000,0.007669,17.137362
9.600000,0.007331,15.345545
9.600000,0.007430,15.345790
9.600000,0.007560,15.345954
9.600000,0.006496,10.752069
9.600000,0.006676,10.751787
9.700000,0.006223,8.652030
9.700000,0.006343,8.651910
9.700000,0.006483,8.651904
9.700000,0.006030,6.487388
9.700000,0.006190,6.487562
9.700000,0.005739,4.153192
9.700000,0.005859,4.153211
9.800000,0.006003,4.017425
9.800000,0.006258,4.017341
9.800000,0.005956,1.845283
9.800000,0.005566,0.103528
9.800000,0.005766,0.103543
9.800000,0.005407,0.184515
9.800000,0.005782,0.184448
9.900000,0.006119,0.183793
9.900000,0.006219,0.136182
9.900000,0.006523,0.156146
9.900000,0.007164,0.148814
9.900000,0.007765,0.030761
9.900000,0.008363,0.091184
9.900000,0.008801,0.134332
10.000000,0.009198,0.238098
10.000000,0.009836,0.284613
10.000000,0.010524,0.324070
10.000000,0.011106,0.437383
10.000000,0.011780,0.446542
10.000000,0.012452,0.544308
10.000000,0.013033,0.643453
10.100000,0.013680,0.721834
10.100000,0.014477,0.829701
10.100000,0.015274,0.917247
10.100000,0.015871,1.013068
10.100000,0.016619,1.086387
10.100000,0.017267,1.150958
10.100000,0.018065,1.241206
10.200000,0.018617,1.309193
10.200000,0.019495,1.412278
10.200000,0.020043,1.475482
10.200000,0.020756,1.532418
10.200000,0.021195,1.578482
10.200000,0.021908,1.662205
10.200000,0.022650,1.731623
10.200000,0.023368,1.795859
10.300000,0.024206,1.872990
10.300000,0.025043,1.958040
10.300000,0.025820,2.056130
10.300000,0.026257,2.164243
10.300000,0.027271,2.337698
10.300000,0.028345,2.520432
10.300000,0.029360,2.674790
10.400000,0.029686,2.793717
10.400000,0.030581,2.917836
10.400000,0.031416,3.057421
10.400000,0.031553,3.147317
10.400000,0.032744,3.407691
10.400000,0.032940,3.529317
10.400000,0.033713,3.699984
10.500000,0.034487,3.857773
10.500000,0.035100,4.037035
10.500000,0.035993,4.210969
10.500000,0.036767,4.383382
10.500000,0.037318,4.608873
10.500000,0.037999,4.850532
10.500000,0.038770,5.060000
10.600000,0.039531,5.288723
10.600000,0.040304,5.473847
10.600000,0.040676,5.645516
10.600000,0.041567,5.878535
10.600000,0.042456,6.139121
10.600000,0.042827,6.362940
10.600000,0.043775,6.666336
10.700000,0.044663,6.941771
10.700000,0.045611,7.218046
10.700000,0.046382,7.431495
10.700000,0.047271,7.673512
10.700000,0.048041,7.886356
10.700000,0.048988,8.157520
10.700000,0.048229,8.420266
10.800000,0.049353,8.758120
10.800000,0.049902,8.987150
10.800000,0.050967,9.297674
10.800000,0.051736,9.517759
10.800000,0.052741,9.803781
10.800000,0.053569,10.040726
10.800000,0.051897,10.200694
10.900000,0.052724,10.443146
10.900000,0.053610,10.707904
10.900000,0.054613,11.032563
10.900000,0.055614,11.386340
10.900000,0.053676,11.442854
10.900000,0.054736,11.827284
11.000000,0.054757,11.999091
11.000000,0.054805,12.237270
11.000000,0.055629,12.513710
11.000000,0.056334,12.766797
11.000000,0.057332,13.158967
11.000000,0.055069,13.087323
11.000000,0.055889,13.435017
11.100000,0.055256,13.706320
11.100000,0.056194,14.067650
11.100000,0.057132,14.416778
11.100000,0.057835,14.678426
11.100000,0.058772,15.035262
11.100000,0.055877,14.880163
11.100000,0.056638,15.184161
11.200000,0.057457,15.514431
11.200000,0.058333,15.866139
11.200000,0.059210,16.212127
11.200000,0.056214,16.177047
11.200000,0.057214,16.537268
11.200000,0.056147,16.624166
11.200000,0.057034,16.943360
11.300000,0.057984,17.288596
11.300000,0.059123,17.705006
11.300000,0.060072,18.051349
11.300000,0.056747,17.658082
11.300000,0.057901,18.046609
11.300000,0.056915,18.075271
11.400000,0.057939,18.417080
11.400000,0.058757,18.691271
11.400000,0.059426,18.957232
11.400000,0.060311,19.255907
11.400000,0.061128,19.531740
11.400000,0.058336,19.025455
11.400000,0.057358,18.940534
11.400000,0.058455,19.283815
11.500000,0.059478,19.603881
11.500000,0.058506,19.395635
11.500000,0.059529,19.716029
11.500000,0.060698,20.082637
11.500000,0.061754,20.403671
11.500000,0.063312,20.862301
11.600000,0.064247,21.137325
11.600000,0.065492,21.503766
11.600000,0.062563,20.714472
11.600000,0.063731,21.057841
11.600000,0.064822,21.378420
11.600000,0.062215,20.610445
11.600000,0.063229,20.908339
11.700000,0.064398,21.252083
11.700000,0.065177,21.481224
11.700000,0.062218,20.650290
11.700000,0.062842,20.833531
11.700000,0.064011,21.177070
11.700000,0.065337,21.566400
11.700000,0.066583,21.932849
11.700000,0.067518,22.207735
11.800000,0.068530,22.505552
11.800000,0.069230,22.711736
11.800000,0.070319,23.032474
11.800000,0.071174,23.284461
11.800000,0.072184,23.582255
11.800000,0.073349,23.925570
11.800000,0.064473,21.224676
11.900000,0.065801,21.574258
11.900000,0.064840,21.093870
11.900000,0.065779,21.314593
11.900000,0.066717,21.536175
11.900000,0.067812,21.794962
11.900000,0.068828,22.028183
11.900000,0.066576,21.041076
11.900000,0.067437,21.222555
12.000000,0.068244,21.348933
12.000000,0.067368,20.752271
12.000000,0.068544,21.008017
12.000000,0.069797,21.287748
12.000000,0.070815,21.517273
12.000000,0.068041,20.229977
12.000000,0.069296,20.506685
12.100000,0.068573,20.006776
12.100000,0.069985,20.311081
12.100000,0.071162,20.564820
12.100000,0.070441,20.021357
12.100000,0.071619,20.237128
12.100000,0.071323,19.872671
12.200000,0.071921,19.835578
12.200000,0.073493,20.102962
12.200000,0.074671,20.319394
12.200000,0.075614,20.496057
12.200000,0.072505,19.149490
12.200000,0.073449,19.291070
12.200000,0.072484,18.660894
12.300000,0.073746,18.813197
12.300000,0.074929,18.962981
12.300000,0.076032,19.117764
12.300000,0.077135,19.286455
12.300000,0.073530,17.897357
12.300000,0.074555,18.059902
12.300000,0.074148,17.734070
12.400000,0.074288,17.584297
12.400000,0.075157,17.705315
12.400000,0.073934,17.098674
12.400000,0.074882,17.229487
12.400000,0.076145,17.409345
12.400000,0.077487,17.607339
12.400000,0.073458,16.193078
12.500000,0.074644,16.370096
12.500000,0.075750,16.532719
12.500000,0.076699,16.669703
12.500000,0.077805,16.827479
12.500000,0.078753,16.962173
12.500000,0.074623,15.573205
12.500000,0.074636,15.378183
12.600000,0.075981,15.574533
12.600000,0.075758,15.346626
12.600000,0.074124,14.697339
12.600000,0.074917,14.771280
12.600000,0.075869,14.828778
12.600000,0.074556,14.077027
12.600000,0.073321,13.289459
12.700000,0.074835,13.271148
12.700000,0.076110,13.259143
12.700000,0.074558,12.463189
12.700000,0.075994,12.417444
12.700000,0.077192,12.361222
12.700000,0.078310,12.303391
12.800000,0.079589,12.242621
12.800000,0.076854,11.128459
12.800000,0.078052,11.088455
12.800000,0.077443,10.562568
12.800000,0.078803,10.473543
12.800000,0.080245,10.347054
12.800000,0.081527,10.226231
12.900000,0.074206,8.181164
12.900000,0.075329,8.066874
12.900000,0.076131,7.980087
12.900000,0.077175,7.862360
12.900000,0.078619,7.696503
12.900000,0.079904,7.542327
12.900000,0.080948,7.401435
13.000000,0.082154,7.220939
13.000000,0.076949,5.772144
13.000000,0.077995,5.606405
13.000000,0.076903,5.045430
13.000000,0.078029,4.881551
13.000000,0.079234,4.714886
13.000000,0.080279,4.561859
13.000000,0.081485,4.359803
13.100000,0.082210,4.224973
13.100000,0.075256,2.306549
13.100000,0.076222,2.111970
13.100000,0.077349,1.892409
13.100000,0.078475,1.687230
13.100000,0.074199,0.576493
13.100000,0.075325,0.370708
13.100000,0.076210,0.192259
13.200000,0.077020,0.143471
13.200000,0.078067,0.389738
13.200000,0.077291,1.149711
13.200000,0.078418,1.427255
13.200000,0.079545,1.711880
13.200000,0.075338,2.723644
13.200000,0.076383,2.990877
13.300000,0.077991,3.395474
13.300000,0.079382,3.733593
13.300000,0.080491,4.001272
13.300000,0.081857,4.357914
13.300000,0.074845,5.857328
13.300000,0.076125,6.227279
13.400000,0.076978,6.472827
13.400000,0.078172,6.807116
13.400000,0.076487,7.472792
13.400000,0.077367,7.695418
13.400000,0.076012,8.424073
13.400000,0.077452,8.776426
13.400000,0.076006,9.478622
13.400000,0.077176,9.779240
13.500000,0.078436,10.107751
13.500000,0.076900,10.797487
13.500000,0.078249,11.146531
13.500000,0.079596,11.490091
13.500000,0.080853,11.806910
13.500000,0.082020,12.100038
13.500000,0.083455,12.462424
13.600000,0.084800,12.805362
13.600000,0.077945,13.850076
13.600000,0.078752,14.058111
13.600000,0.079828,14.335415
13.600000,0.080814,14.588911
13.600000,0.082167,14.932979
13.600000,0.078170,15.193037
13.600000,0.079210,15.443670
13.700000,0.077920,15.656138
13.700000,0.078865,15.884650
13.700000,0.080188,16.205388
13.700000,0.078870,16.412528
13.700000,0.080162,16.711261
13.700000,0.079030,16.858641
13.700000,0.080123,17.110965
13.700000,0.080838,17.363269
13.800000,0.079427,17.421127
13.800000,0.080917,17.764131
13.800000,0.082307,18.084414
13.800000,0.083994,18.473740
13.800000,0.085482,18.817604
13.800000,0.081475,18.556054
13.900000,0.082964,18.899958
13.900000,0.084551,19.264072
13.900000,0.083342,19.235609
13.900000,0.084631,19.493877
13.900000,0.086117,19.774222
13.900000,0.087800,20.087171
13.900000,0.084571,19.640256
14.000000,0.086058,19.940095
14.000000,0.086675,20.114718
14.000000,0.088062,20.388545
14.000000,0.089745,20.685735
14.000000,0.091031,20.890639
14.000000,0.092416,21.103068
14.000000,0.086131,19.920199
14.100000,0.087817,20.210078
14.100000,0.089305,20.481194
14.100000,0.091189,20.829102
14.100000,0.092675,21.095932
14.100000,0.093765,21.284861
14.100000,0.095250,21.535293
14.200000,0.089878,20.244634
14.200000,0.090064,20.214275
14.200000,0.091652,20.487502
14.200000,0.093339,20.784252
14.200000,0.094727,21.030381
14.200000,0.096115,21.275060
14.200000,0.089363,19.427227
14.300000,0.090655,19.648923
14.300000,0.091946,19.869344
14.300000,0.093336,20.106888
14.300000,0.094627,20.328765
14.300000,0.095917,20.552229
14.300000,0.091580,19.168740
14.300000,0.092971,19.410910
14.400000,0.093321,19.359636
14.400000,0.092819,19.118238
14.400000,0.094268,19.299580
14.400000,0.095934,19.471743
14.400000,0.097080,19.575849
14.400000,0.098954,19.744581
14.400000,0.100207,19.867955
14.500000,0.092856,17.702783
14.500000,0.094168,17.852299
14.500000,0.095480,18.005228
14.500000,0.097011,18.180196
14.500000,0.099198,18.414011
14.500000,0.100728,18.567185
14.500000,0.102149,18.706362
14.600000,0.103569,18.847090
14.600000,0.105099,19.003653
14.600000,0.106520,19.154165
14.600000,0.107612,19.272322
14.600000,0.109142,19.438768
14.600000,0.110671,19.600485
14.600000,0.112309,19.750550
14.600000,0.114054,19.878828
14.700000,0.115691,19.980933
14.700000,0.117109,20.069074
14.700000,0.118636,20.166764
14.700000,0.120709,20.289216
14.700000,0.122127,20.362554
14.700000,0.098145,14.213040
14.700000,0.099604,14.277869
14.800000,0.100865,14.334629
14.800000,0.101657,14.245697
14.800000,0.103377,14.334092
14.800000,0.101834,13.776639
14.800000,0.103927,13.887103
14.800000,0.105483,13.964504
14.800000,0.107158,14.044586
14.900000,0.098782,11.989145
14.900000,0.100699,12.076813
14.900000,0.102256,12.149126
14.900000,0.103933,12.228895
14.900000,0.105610,12.310372
14.900000,0.100380,11.058573
14.900000,0.102178,11.146337
15.000000,0.103976,11.232922
15.000000,0.105774,11.318259
15.000000,0.108171,11.431129
15.000000,0.102944,10.414741
15.000000,0.104178,10.489265
15.000000,0.101314,9.883048
15.000000,0.101895,9.803205
15.100000,0.099492,9.026567
15.100000,0.100827,8.738918
15.100000,0.101969,8.551056
15.100000,0.100143,7.824605
15.100000,0.101718,7.727744
15.100000,0.100232,7.125793
15.100000,0.101951,7.141131
15.200000,0.103771,7.212586
15.200000,0.102576,6.698858
15.200000,0.104135,6.725949
15.200000,0.106604,6.707437
15.200000,0.108032,6.674915
15.200000,0.103035,5.472832
15.200000,0.104724,5.448082
15.300000,0.106413,5.444580
15.300000,0.104432,4.868836
15.300000,0.106642,4.899056
15.300000,0.109242,4.925517
15.300000,0.111731,4.925080
15.300000,0.106878,4.064936
15.300000,0.108119,3.983663
15.400000,0.110414,3.971101
15.400000,0.112709,3.970354
15.400000,0.114464,3.976362
15.400000,0.116625,3.986082
15.400000,0.119235,3.993069
15.400000,0.110122,2.838103
15.500000,0.111523,2.835491
15.500000,0.110714,2.456342
15.500000,0.113374,2.452904
15.500000,0.111584,2.075801
15.500000,0.113125,2.077709
15.500000,0.115225,2.080794
15.600000,0.117465,2.082947
15.600000,0.120766,2.082456
15.600000,0.122506,2.081069
15.600000,0.124971,2.079151
15.600000,0.115462,1.100509
15.600000,0.114760,0.873770
15.600000,0.115630,0.874151
15.700000,0.118095,0.875329
15.700000,0.120790,0.876029
15.700000,0.123190,0.875890
15.700000,0.126038,0.862913
15.700000,0.128736,0.814886
15.700000,0.120432,0.271303
15.800000,0.122530,0.207819
15.800000,0.122552,0.092546
15.800000,0.124651,0.042058
15.800000,0.126749,0.004556
15.800000,0.128847,0.028777
15.800000,0.131094,0.083955
15.800000,0.133791,0.190275
15.900000,0.136037,0.302454
15.900000,0.138134,0.409729
15.900000,0.140829,0.531348
15.900000,0.143076,0.613342
15.900000,0.145324,0.683773
15.900000,0.125256,1.827105
16.000000,0.127733,1.910379
16.000000,0.128476,2.114890
16.000000,0.130643,2.204152
16.000000,0.132655,2.286748
16.000000,0.134667,2.365855
16.000000,0.132325,1.825253
16.000000,0.134183,1.890942
16.000000,0.132586,1.616115
16.100000,0.134983,1.697113
16.100000,0.137699,1.792754
16.100000,0.140415,1.892445
16.100000,0.143450,2.005551
16.100000,0.146645,2.122539
16.100000,0.138353,2.301217
16.200000,0.140430,2.374194
16.200000,0.139777,2.473034
16.200000,0.136956,2.466951
16.200000,0.138872,2.556936
16.200000,0.136368,2.709017
16.200000,0.138762,2.859912
16.200000,0.136735,3.040946
16.300000,0.139447,3.214229
16.300000,0.141680,3.365025
16.300000,0.138846,3.459714
16.300000,0.140600,3.591027
16.300000,0.142672,3.749815
16.300000,0.140314,3.913299
16.300000,0.142865,4.101723
16.400000,0.144200,4.287383
16.400000,0.143216,4.466446
16.400000,0.145766,4.643312
16.400000,0.143238,4.800203
16.400000,0.145787,4.984938
16.400000,0.143418,5.150543
16.400000,0.146126,5.349288
16.500000,0.143119,5.479574
16.500000,0.145508,5.651035
16.500000,0.147579,5.798264
16.500000,0.145528,5.995150
16.500000,0.147439,6.131486
16.500000,0.144263,6.254334
16.500000,0.146492,6.415379
16.500000,0.147511,6.341955
16.600000,0.149262,6.468956
16.600000,0.146811,6.594050
16.600000,0.149357,6.777608
16.600000,0.146023,6.893922
16.600000,0.148410,7.065008
16.600000,0.145385,7.213755
16.600000,0.142680,7.331302
16.700000,0.145226,7.514665
16.700000,0.147295,7.663929
16.700000,0.149522,7.824728
16.700000,0.146819,7.850927
16.700000,0.144117,7.913648
16.700000,0.146662,8.096708
16.700000,0.149366,8.291150
16.800000,0.151274,8.428474
16.800000,0.148255,8.457035
16.800000,0.150958,8.651886
16.800000,0.148260,8.579717
16.800000,0.146198,8.574205
16.800000,0.148900,8.768934
16.900000,0.145883,8.757158
16.900000,0.148108,8.924267
16.900000,0.150173,9.097515
16.900000,0.147144,9.117584
16.900000,0.149526,9.355421
16.900000,0.147127,9.416027
16.900000,0.149350,9.626459
17.000000,0.151572,9.823814
17.000000,0.154429,10.076259
17.000000,0.151404,10.112984
17.000000,0.153148,10.306046
17.000000,0.149790,10.365965
17.000000,0.152484,10.691625
17.000000,0.154702,10.950135
17.100000,0.146086,10.794973
17.100000,0.148147,11.008558
17.100000,0.150682,11.264922
17.100000,0.147644,11.317616
17.100000,0.150179,11.589143
17.100000,0.152395,11.835466
17.100000,0.150472,11.919255
17.200000,0.151734,12.124167
17.200000,0.148385,12.007135
17.200000,0.150601,12.245603
17.200000,0.147727,12.156770
17.200000,0.149785,12.375336
17.200000,0.147388,12.292049
17.200000,0.149761,12.551303
17.300000,0.152133,12.812413
17.300000,0.149103,12.670495
17.300000,0.151633,12.946732
17.300000,0.154320,13.237769
17.300000,0.156374,13.459387
17.300000,0.149372,13.048125
17.400000,0.150629,13.244440
17.400000,0.152999,13.502716
17.400000,0.149495,13.312189
17.400000,0.151549,13.536564
17.400000,0.153602,13.760559
17.400000,0.155813,14.001212
17.400000,0.147384,13.483762
17.500000,0.149595,13.723665
17.500000,0.152280,14.014174
17.500000,0.154175,14.209141
17.500000,0.156701,14.444076
17.500000,0.159228,14.654689
17.500000,0.162070,14.883106
17.500000,0.150951,14.102523
17.600000,0.151261,14.133997
17.600000,0.153633,14.301593
17.600000,0.155847,14.451361
17.600000,0.157744,14.579372
17.600000,0.149016,13.942789
17.600000,0.151547,14.125321
17.700000,0.148687,13.924646
17.700000,0.151219,14.115388
17.700000,0.153276,14.268296
17.700000,0.155492,14.429408
17.700000,0.157707,14.587299
17.700000,0.159922,14.743759
17.700000,0.162136,14.900856
17.800000,0.164983,15.105782
17.800000,0.167671,15.302270
17.800000,0.169885,15.464926
17.800000,0.172098,15.627096
17.800000,0.174469,15.799528
17.800000,0.149462,13.937039
17.800000,0.151680,14.096155
17.800000,0.147726,13.662838
17.900000,0.149945,13.822244
17.900000,0.152164,13.982384
17.900000,0.148684,13.620587
17.900000,0.150587,13.758685
17.900000,0.153124,13.942789
17.900000,0.149645,13.571308
17.900000,0.151865,13.731665
18.000000,0.152345,13.679587
18.000000,0.150769,13.406861
18.000000,0.152672,13.544003
18.000000,0.149353,13.079329
18.000000,0.151415,13.228309
18.000000,0.153795,13.400379
18.000000,0.155856,13.549533
18.100000,0.147310,12.583446
18.100000,0.149373,12.732379
18.100000,0.151436,12.881202
18.100000,0.153657,13.041421
18.100000,0.156195,13.224549
18.100000,0.158575,13.396326
18.100000,0.149709,12.345609
18.100000,0.151931,12.506057
18.200000,0.152726,12.520237
18.200000,0.150510,12.219617
18.200000,0.147183,11.780955
18.200000,0.149724,11.964187
18.200000,0.146078,11.500607
18.200000,0.148301,11.660927
18.200000,0.145765,11.286103
18.300000,0.148147,11.457956
18.300000,0.150370,11.618356
18.300000,0.152910,11.798499
18.300000,0.149739,11.356281
18.300000,0.147044,10.909630
18.300000,0.149110,11.001758
18.300000,0.151495,11.106207
18.400000,0.153403,11.169337
18.400000,0.150707,10.756856
18.400000,0.152773,10.875694
18.400000,0.148964,10.377461
18.400000,0.145309,9.924241
18.400000,0.148174,10.017947
18.400000,0.144836,9.629291
18.500000,0.147224,9.686677
18.500000,0.149294,9.746806
18.500000,0.145159,9.369166
18.500000,0.147388,9.457049
18.500000,0.148503,9.504546
18.500000,0.150253,9.580596
18.500000,0.152641,9.680556
18.500000,0.154392,9.747787
18.600000,0.157099,9.840960
18.600000,0.159010,9.901940
18.600000,0.145170,8.828116
18.600000,0.146763,8.881248
18.600000,0.148197,8.931403
18.600000,0.150906,9.031801
18.600000,0.152977,9.108185
18.600000,0.154411,9.152590
18.700000,0.156482,9.198546
18.700000,0.158874,9.227119
18.700000,0.145193,8.079962
18.700000,0.147747,8.097943
18.700000,0.149502,8.107563
18.700000,0.151578,8.112175
18.700000,0.153014,8.110847
18.700000,0.144424,7.321038
18.800000,0.146820,7.310999
18.800000,0.148737,7.305109
18.800000,0.145399,6.915794
18.800000,0.147316,6.917608
18.800000,0.149233,6.921795
18.800000,0.151470,6.927166
18.800000,0.153387,6.930344
18.900000,0.155784,6.931165
18.900000,0.158021,6.929160
18.900000,0.144171,5.756075
18.900000,0.146728,5.753187
18.900000,0.148807,5.752447
18.900000,0.151524,5.753609
18.900000,0.153762,5.755460
19.000000,0.156320,5.757207
19.000000,0.158878,5.757709
19.000000,0.160957,5.757181
19.000000,0.147739,4.587037
19.000000,0.144716,4.196997
19.000000,0.146475,4.196743
19.000000,0.149034,4.197021
19.100000,0.152393,4.197218
19.100000,0.154632,4.184597
19.100000,0.145867,3.373583
19.100000,0.148429,3.310882
19.100000,0.151311,3.228925
19.100000,0.153232,3.179682
19.200000,0.155633,3.131566
19.200000,0.147185,2.317415
19.200000,0.148786,2.290356
19.200000,0.145441,1.848508
19.200000,0.147684,1.766151
19.200000,0.149767,1.671349
19.200000,0.152811,1.525442
19.300000,0.155054,1.429190
19.300000,0.146437,0.768215
19.300000,0.148680,0.700197
19.300000,0.150922,0.636492
19.300000,0.147733,0.289505
19.300000,0.149815,0.218826
19.300000,0.151417,0.159202
19.300000,0.154301,0.044988
19.400000,0.145838,0.465693
19.400000,0.148241,0.556044
19.400000,0.150323,0.629380
19.400000,0.147130,0.870179
19.400000,0.149373,0.944825
19.400000,0.151455,1.015782
19.400000,0.148105,1.318514
19.500000,0.149866,1.382783
19.500000,0.152589,1.483973
19.500000,0.154511,1.555270
19.500000,0.156754,1.637059
19.500000,0.158836,1.711346
19.500000,0.161398,1.801212
19.500000,0.163480,1.873907
19.600000,0.152450,2.007389
19.600000,0.151496,2.199375
19.600000,0.153578,2.274409
19.600000,0.156460,2.378933
19.600000,0.158702,2.460024
19.600000,0.150392,2.750951
19.600000,0.152794,2.836482
19.700000,0.149758,2.948417
19.700000,0.152159,3.033767
19.700000,0.154721,3.125234
19.700000,0.157443,3.222928
19.700000,0.160325,3.340286
19.700000,0.162727,3.465102
19.800000,0.164650,3.580961
19.800000,0.167213,3.744872
19.800000,0.169296,3.874471
19.800000,0.171698,4.011269
19.800000,0.174740,4.166264
19.800000,0.176821,4.279369
19.800000,0.179064,4.424947
19.900000,0.148522,4.564076
19.900000,0.150926,4.763536
19.900000,0.153009,4.937277
19.900000,0.156533,5.207079
19.900000,0.159575,5.411797
19.900000,0.161976,5.566078
20.000000,0.164217,5.714109
20.000000,0.154789,5.883111
20.000000,0.152555,6.049077
20.000000,0.153836,6.145948
20.000000,0.155917,6.303688
20.000000,0.158158,6.470486
20.000000,0.149210,6.558576
20.000000,0.151291,6.704838
20.100000,0.153371,6.848767
20.100000,0.150015,6.846035
20.100000,0.151775,6.969428
20.100000,0.148900,7.041879
20.100000,0.150660,7.169663
20.100000,0.153860,7.403388
20.100000,0.156099,7.565940
20.200000,0.152582,7.534461
20.200000,0.154981,7.704945
20.200000,0.156740,7.829447
20.200000,0.154184,7.839995
20.200000,0.156742,8.022665
20.200000,0.148109,7.798892
20.200000,0.150348,7.960346
20.300000,0.152427,8.110235
20.300000,0.149710,8.118573
20.300000,0.152108,8.290189
20.300000,0.154666,8.472784
20.300000,0.157064,8.643987
20.300000,0.148752,8.406532
20.300000,0.150831,8.555524
20.400000,0.152429,8.681215
20.400000,0.149394,8.670028
20.400000,0.151791,8.842146
20.400000,0.154188,9.014024
20.400000,0.156745,9.197135
20.400000,0.159141,9.368729
20.400000,0.150196,9.107738
20.500000,0.147322,9.099398
20.500000,0.149719,9.271308
20.500000,0.151956,9.431808
20.500000,0.154672,9.626680
20.500000,0.156748,9.775626
20.500000,0.149245,9.592165
20.500000,0.150684,9.729536
20.600000,0.147972,9.728786
20.600000,0.150369,9.900591
20.600000,0.152286,10.038059
20.600000,0.154841,10.221395
20.600000,0.157556,10.416184
20.600000,0.148943,10.188485
20.700000,0.151339,10.360304
20.700000,0.153895,10.543561
20.700000,0.150547,10.444491
20.700000,0.153741,10.673585
20.700000,0.150710,10.504878
20.700000,0.153964,10.734001
20.800000,0.156105,10.882925
20.800000,0.158575,11.054750
20.800000,0.160715,11.203664
20.800000,0.163184,11.375498
20.800000,0.165049,11.501506
20.800000,0.167422,11.661882
20.800000,0.169626,11.810810
20.800000,0.150643,10.517533
20.900000,0.152849,10.666477
20.900000,0.155564,10.849774
20.900000,0.157599,10.987251
20.900000,0.160313,11.170538
20.900000,0.151667,10.582345
20.900000,0.154751,10.788539
21.000000,0.153844,10.695447
21.000000,0.154214,10.698908
21.000000,0.157358,10.905117
21.000000,0.159454,11.042569
21.000000,0.162307,11.225853
21.000000,0.165000,11.397672
21.000000,0.167694,11.569491
21.100000,0.153932,10.570290
21.100000,0.156627,10.742119
21.100000,0.158603,10.868143
21.100000,0.161118,11.028516
21.100000,0.163453,11.177422
21.100000,0.165967,11.337780
21.100000,0.168840,11.521049
21.100000,0.170994,11.658496
21.200000,0.173867,11.841767
21.200000,0.176918,12.036505
21.200000,0.180327,12.254129
21.200000,0.182481,12.391586
21.200000,0.158598,10.647377
21.200000,0.161472,10.830643
21.300000,0.164526,11.025370
21.300000,0.167040,11.183794
21.300000,0.169374,11.317181
21.300000,0.172425,11.462448
21.300000,0.174937,11.563452
21.300000,0.177449,11.660371
21.400000,0.180320,11.780450
21.400000,0.183370,11.926517
21.400000,0.186061,12.062651
21.400000,0.188931,12.186238
21.400000,0.191441,12.265821
21.400000,0.194309,12.332170
21.400000,0.197177,12.392605
21.500000,0.200046,12.466315
21.500000,0.202198,12.535012
21.500000,0.204708,12.626779
21.500000,0.163673,9.601622
21.500000,0.166189,9.695063
21.500000,0.169244,9.797184
21.500000,0.172119,9.882295
21.600000,0.167768,9.460363
21.600000,0.170284,9.532712
21.600000,0.168630,9.317784
21.600000,0.171147,9.399746
21.600000,0.174023,9.497222
21.600000,0.165680,8.803653
21.700000,0.168737,8.903927
21.700000,0.171434,8.988710
21.700000,0.173771,9.060414
21.700000,0.176648,9.148555
21.700000,0.179165,9.227078
21.700000,0.165049,8.138952
21.700000,0.167388,8.214767
21.700000,0.169546,8.285114
21.800000,0.171704,8.355177
21.800000,0.174253,8.418852
21.800000,0.176411,8.487171
21.800000,0.173487,8.205549
21.800000,0.175825,8.278999
21.800000,0.178883,8.375629
21.800000,0.181761,8.467376
21.900000,0.184818,8.565423
21.900000,0.170017,7.477744
21.900000,0.172356,7.552522
21.900000,0.175415,7.649837
21.900000,0.178113,7.735403
21.900000,0.168200,7.019146
22.000000,0.171079,7.110494
22.000000,0.173958,7.202115
22.000000,0.177197,7.305427
22.000000,0.178996,7.362865
22.000000,0.181155,7.431740
22.000000,0.183498,7.506261
22.000000,0.185903,7.580676
22.000000,0.169399,6.469486
22.100000,0.171988,6.549545
22.100000,0.174577,6.629643
22.100000,0.171231,6.326100
22.100000,0.174265,6.417800
22.100000,0.171182,6.120076
22.100000,0.174221,6.211776
22.100000,0.177071,6.297694
22.200000,0.179730,6.377842
22.200000,0.169953,5.673362
22.200000,0.172992,5.764958
22.200000,0.175652,5.845126
22.200000,0.178121,5.919598
22.200000,0.181350,6.016984
22.200000,0.171382,5.359355
22.300000,0.174232,5.445268
22.300000,0.176511,5.513987
22.300000,0.178791,5.582683
22.300000,0.182210,5.685742
22.300000,0.185630,5.788810
22.300000,0.188154,5.863262
22.400000,0.191078,5.949168
22.400000,0.193612,6.023628
22.400000,0.171662,5.159898
22.400000,0.174197,5.234340
22.400000,0.177581,5.331698
22.400000,0.180780,5.423335
22.400000,0.184180,5.520693
22.500000,0.174139,5.188963
22.500000,0.176939,5.269153
22.500000,0.179538,5.343611
22.500000,0.182937,5.440976
22.500000,0.185537,5.515439
22.500000,0.188936,5.612810
22.500000,0.174585,5.159778
22.500000,0.177249,5.234227
22.600000,0.178549,5.264175
22.600000,0.182033,5.361543
22.600000,0.185312,5.453199
22.600000,0.188461,5.539123
22.600000,0.191400,5.619312
22.600000,0.194758,5.710961
22.700000,0.197907,5.796876
22.700000,0.200426,5.865602
22.700000,0.203574,5.951515
22.700000,0.206093,6.020252
22.700000,0.209661,6.117617
22.700000,0.212809,6.203529
22.700000,0.216006,6.289439
22.800000,0.185429,5.293697
22.800000,0.188653,5.379608
22.800000,0.188748,5.367769
22.800000,0.191542,5.442229
22.800000,0.194336,5.516682
22.800000,0.196700,5.579681
22.800000,0.198635,5.631211
22.800000,0.183123,5.120698
22.900000,0.185762,5.189428
22.900000,0.188181,5.252425
22.900000,0.191260,5.332609
22.900000,0.194119,5.407070
22.900000,0.197198,5.487264
22.900000,0.200277,5.567452
22.900000,0.203796,5.659095
22.900000,0.190794,5.235434
23.000000,0.194533,5.332797
23.000000,0.194233,5.304204
23.000000,0.198192,5.407305
23.000000,0.201270,5.487493
23.000000,0.204789,5.579136
23.000000,0.207868,5.659325
23.100000,0.211386,5.750961
23.100000,0.214684,5.836875
23.100000,0.217543,5.911340
23.100000,0.221061,6.002986
23.100000,0.225238,6.111823
23.100000,0.228756,6.203462
23.100000,0.231394,6.272196
23.200000,0.201049,5.333148
23.200000,0.204787,5.430523
23.200000,0.203316,5.373293
23.200000,0.206395,5.453486
23.200000,0.209034,5.522215
23.200000,0.212552,5.613866
23.200000,0.195590,5.092736
23.300000,0.198229,5.161466
23.300000,0.200428,5.218757
23.300000,0.204826,5.333315
23.300000,0.208125,5.419246
23.300000,0.211423,5.505161
23.300000,0.201461,5.201647
23.300000,0.204320,5.276101
23.400000,0.205798,5.310472
23.400000,0.203677,5.241768
23.400000,0.207195,5.333417
23.400000,0.210274,5.413620
23.400000,0.213792,5.505280
23.400000,0.203050,5.190266
23.500000,0.200647,5.110089
23.500000,0.203946,5.196001
23.500000,0.207904,5.299096
23.500000,0.204013,5.184577
23.500000,0.200561,5.081487
23.500000,0.204739,5.190313
23.600000,0.207408,5.259042
23.600000,0.208947,5.299144
23.600000,0.206395,5.224659
23.600000,0.202553,5.115845
23.600000,0.205632,5.196041
23.600000,0.201350,5.075762
23.600000,0.205968,5.196044
23.700000,0.210366,5.310608
23.700000,0.199433,5.012797
23.700000,0.201852,5.075813
23.700000,0.205371,5.167460
23.700000,0.207570,5.224743
23.700000,0.211968,5.347313
23.700000,0.215048,5.456297
23.800000,0.218127,5.586637
23.800000,0.199985,5.186184
23.800000,0.203725,5.354722
23.800000,0.206584,5.471534
23.800000,0.209883,5.593745
23.800000,0.212742,5.703387
23.900000,0.216261,5.865463
23.900000,0.219561,6.048169
23.900000,0.200639,5.677506
23.900000,0.203279,5.837179
23.900000,0.206578,6.024057
23.900000,0.210096,6.203836
23.900000,0.213174,6.349884
24.000000,0.215592,6.463139
24.000000,0.218449,6.600989
24.000000,0.221746,6.769480
24.000000,0.224823,6.935246
24.000000,0.199519,6.410775
24.000000,0.203696,6.635694
24.100000,0.207651,6.840028
24.100000,0.210068,6.962092
24.100000,0.198844,6.760934
24.100000,0.202359,6.941191
24.100000,0.204556,7.055906
24.100000,0.201911,7.075616
24.100000,0.204987,7.239239
24.200000,0.206742,7.373524
24.200000,0.202996,7.374015
24.200000,0.206290,7.544419
24.200000,0.201008,7.462871
24.200000,0.204302,7.632988
24.200000,0.200337,7.620864
24.200000,0.203850,7.804781
24.300000,0.199665,7.783050
24.300000,0.202958,7.955896
24.300000,0.206909,8.162478
24.300000,0.210201,8.333947
24.300000,0.213492,8.505110
24.300000,0.217441,8.710704
24.400000,0.220950,8.893935
24.400000,0.201379,8.458849
24.400000,0.204012,8.596649
24.400000,0.206425,8.722937
24.400000,0.201145,8.642910
24.400000,0.204655,8.826234
24.400000,0.208165,9.009340
24.500000,0.213209,9.272527
24.500000,0.201116,9.031890
24.500000,0.204187,9.192337
24.500000,0.200444,9.192492
24.500000,0.203734,9.364461
24.500000,0.202849,9.427548
24.500000,0.206358,9.610812
24.600000,0.208989,9.748241
24.600000,0.211324,9.905805
24.600000,0.211961,10.019438
24.600000,0.214374,10.145442
24.600000,0.214803,10.247661
24.600000,0.218094,10.419539
24.600000,0.218096,10.498860
24.700000,0.221169,10.659272
24.700000,0.224241,10.819658
24.700000,0.225131,10.892163
24.700000,0.228643,11.075448
24.700000,0.231496,11.224378
24.700000,0.232396,11.203556
24.700000,0.234176,11.283312
24.800000,0.237469,11.455186
24.800000,0.236163,11.436414
24.800000,0.239894,11.631179
24.800000,0.242746,11.780104
24.800000,0.245818,11.940481
24.800000,0.233779,11.335763
24.800000,0.229401,11.077882
24.900000,0.232913,11.261170
24.900000,0.236425,11.444485
24.900000,0.239497,11.604903
24.900000,0.243008,11.788214
24.900000,0.246518,11.971520
24.900000,0.233817,11.348427
24.900000,0.236889,11.508822
25.000000,0.237770,11.547341
25.000000,0.236022,11.442321
25.000000,0.230985,11.180057
25.000000,0.234277,11.351896
25.000000,0.237349,11.512290
25.000000,0.232532,11.271319
25.000000,0.228810,11.073103
25.100000,0.231882,11.233500
25.100000,0.234954,11.393901
25.100000,0.237368,11.519947
25.100000,0.232768,11.274198
25.100000,0.236060,11.446033
25.100000,0.231679,11.220109
25.100000,0.235190,11.403409
25.200000,0.237385,11.518457
25.200000,0.240017,11.655956
25.200000,0.237610,11.531534
25.200000,0.234326,11.357396
25.200000,0.230821,11.173531
25.200000,0.234112,11.345369
25.200000,0.229729,11.117634
25.300000,0.233020,11.289474
25.300000,0.235872,11.438409
25.300000,0.232147,11.243581
25.300000,0.236096,11.449781
25.300000,0.232151,11.242817
25.300000,0.235222,11.403211
25.400000,0.237854,11.540714
25.400000,0.235444,11.414897
25.400000,0.238953,11.598195
25.400000,0.233911,11.335031
25.400000,0.229965,11.128593
25.400000,0.233474,11.311893
25.400000,0.228869,11.071170
25.500000,0.233037,11.288856
25.500000,0.236765,11.483626
25.500000,0.232379,11.254637
25.500000,0.235011,11.392095
25.500000,0.231720,11.220317
25.500000,0.235229,11.403626
25.600000,0.238737,11.586934
25.600000,0.233474,11.311897
25.600000,0.236763,11.483748
25.600000,0.239393,11.621220
25.600000,0.235226,11.403533
25.600000,0.230838,11.174444
25.600000,0.234565,11.369209
25.700000,0.231054,11.185916
25.700000,0.234123,11.346303
25.700000,0.237192,11.506690
25.700000,0.240700,11.689999
25.700000,0.244425,11.884789
25.700000,0.233895,11.334843
25.800000,0.236964,11.495238
25.800000,0.240690,11.690002
25.800000,0.243977,11.861820
25.800000,0.246387,11.987835
25.800000,0.234541,11.369241
25.800000,0.238267,11.563976
25.900000,0.235192,11.403600
25.900000,0.238918,11.598354
25.900000,0.242423,11.781640
25.900000,0.245929,11.964925
25.900000,0.234080,11.346303
25.900000,0.236929,11.495236
25.900000,0.234511,11.369225
26.000000,0.237798,11.541074
26.000000,0.238454,11.575424
26.000000,0.234281,11.357774
26.000000,0.236472,11.472335
26.000000,0.232517,11.266057
26.000000,0.235366,11.414996
26.000000,0.231630,11.220244
26.100000,0.235136,11.403547
26.100000,0.238641,11.586852
26.100000,0.234248,11.357734
26.100000,0.237096,11.506672
26.100000,0.233797,11.334782
26.100000,0.237083,11.506626
26.100000,0.235322,11.414973
26.200000,0.235756,11.437885
26.200000,0.239479,11.632645
26.200000,0.235084,11.403505
26.200000,0.238151,11.563893
26.200000,0.241655,11.747195
26.200000,0.244502,11.896128
26.200000,0.231768,11.231731
26.300000,0.234616,11.380663
26.300000,0.237026,11.506660
26.300000,0.240092,11.667045
26.300000,0.242939,11.815975
26.300000,0.246004,11.976365
26.300000,0.233926,11.346301
26.300000,0.238088,11.564004
26.400000,0.236982,11.506750
26.400000,0.236975,11.506758
26.400000,0.232577,11.277611
26.400000,0.236081,11.460904
26.400000,0.231463,11.220310
26.400000,0.235186,11.415059
26.400000,0.231225,11.208871
26.500000,0.234729,11.392178
26.500000,0.238013,11.564030
26.500000,0.234490,11.380735
26.500000,0.237336,11.529676
26.500000,0.233374,11.323428
26.500000,0.236440,11.483811
26.600000,0.236430,11.483799
26.600000,0.235542,11.437964
26.600000,0.237513,11.541042
26.600000,0.233549,11.334846
26.600000,0.235958,11.460862
26.600000,0.231994,11.249832
26.600000,0.228247,11.023067
26.700000,0.231749,11.147815
26.700000,0.235688,11.272896
26.700000,0.238752,11.374839
26.700000,0.242691,11.524131
26.700000,0.230823,10.872889
26.700000,0.233669,10.983125
26.700000,0.236952,11.083806
26.800000,0.238258,11.052578
26.800000,0.236269,10.826750
26.800000,0.232523,10.507241
26.800000,0.228119,10.191140
26.800000,0.231843,10.299271
26.800000,0.234691,10.388776
26.900000,0.230288,10.093552
26.900000,0.233137,10.174119
26.900000,0.236423,10.257443
26.900000,0.239271,10.324100
26.900000,0.243215,10.415679
26.900000,0.231343,9.712330
26.900000,0.233754,9.775517
27.000000,0.237261,9.871902
27.000000,0.239230,9.894971
27.000000,0.236366,9.664025
27.000000,0.239216,9.739055
27.000000,0.242285,9.817255
27.000000,0.230191,9.109715
27.000000,0.234138,9.209449
27.100000,0.237866,9.306148
27.100000,0.233024,8.986355
27.100000,0.235876,9.062521
27.100000,0.238946,9.144422
27.100000,0.242456,9.236942
27.100000,0.245746,9.322460
27.100000,0.233648,8.616939
27.200000,0.236061,8.679089
27.200000,0.238694,8.747135
27.200000,0.242424,8.844281
27.200000,0.244837,8.907592
27.200000,0.248566,9.005718
27.200000,0.252296,9.103695
27.200000,0.232938,8.015494
27.300000,0.235791,8.089788
27.300000,0.238424,8.158226
27.300000,0.234456,7.859961
27.300000,0.237748,7.945701
27.300000,0.240821,8.025944
27.300000,0.243455,8.094826
27.300000,0.232225,7.430579
27.300000,0.235297,7.493747
27.400000,0.229789,7.155862
27.400000,0.233082,7.241710
27.400000,0.235936,7.316064
27.400000,0.238790,7.390416
27.400000,0.234159,7.075316
27.400000,0.236794,7.144044
27.400000,0.232163,6.829010
27.500000,0.234358,6.886343
27.500000,0.237212,6.960871
27.500000,0.233019,6.657328
27.500000,0.235654,6.726059
27.500000,0.238508,6.800487
27.500000,0.242240,6.897807
27.500000,0.231879,6.267715
27.600000,0.235392,6.359357
27.600000,0.237365,6.382291
27.600000,0.240219,6.456782
27.600000,0.243512,6.542718
27.600000,0.247683,6.651536
27.600000,0.251415,6.748892
27.600000,0.232253,5.974739
27.700000,0.235766,6.066377
27.700000,0.239718,6.169490
27.700000,0.243230,6.261151
27.700000,0.246304,6.341348
27.700000,0.250036,6.438735
27.700000,0.232422,5.983535
27.800000,0.235716,6.069451
27.800000,0.236150,6.081243
27.800000,0.239004,6.155710
27.800000,0.242517,6.247357
27.800000,0.244053,6.287447
27.800000,0.231502,5.919376
27.800000,0.234795,6.005293
27.800000,0.229947,5.899949
27.900000,0.232582,5.968679
27.900000,0.237192,6.088982
27.900000,0.233661,5.996283
27.900000,0.236954,6.081742
27.900000,0.232983,5.952413
27.900000,0.236714,6.002182
27.900000,0.239128,6.020028
28.000000,0.242200,6.036618
28.000000,0.230965,5.678832
28.000000,0.233818,5.691881
28.000000,0.229626,5.497761
28.000000,0.232040,5.493209
28.000000,0.236650,5.476837
28.100000,0.240162,5.467520
28.100000,0.228268,5.076617
28.100000,0.230244,5.078680
28.100000,0.233319,5.084727
28.100000,0.229129,4.897268
28.100000,0.232203,4.900688
28.100000,0.231756,4.808098
28.100000,0.234611,4.805299
28.200000,0.234383,4.696823
28.200000,0.229974,4.498145
28.200000,0.234146,4.470957
28.200000,0.230176,4.225110
28.200000,0.233250,4.165428
28.200000,0.229280,3.901261
28.300000,0.232136,3.853422
28.300000,0.235211,3.813671
28.300000,0.231241,3.578464
28.300000,0.234756,3.515749
28.300000,0.230346,3.238551
28.300000,0.233861,3.121233
28.400000,0.235392,2.909289
28.400000,0.238468,2.816958
28.400000,0.237580,2.594031
28.400000,0.233611,2.324769
28.400000,0.229422,2.058889
28.400000,0.233158,1.967649
28.400000,0.229408,1.669723
28.500000,0.233364,1.554851
28.500000,0.236221,1.473927
28.500000,0.233131,1.163049
28.500000,0.229162,0.881431
28.500000,0.232678,0.795790
28.500000,0.234434,0.661814
28.600000,0.237731,0.575615
28.600000,0.235523,0.332038
28.600000,0.238820,0.242827
28.600000,0.242117,0.154971
28.600000,0.230222,0.314697
28.600000,0.233519,0.399109
28.700000,0.229330,0.677850
28.700000,0.232627,0.762506
28.700000,0.235485,0.836812
28.700000,0.238562,0.917685
28.700000,0.242079,1.010566
28.700000,0.229744,1.469566
28.700000,0.233921,1.578779
28.800000,0.237217,1.664295
28.800000,0.239634,1.772473
28.800000,0.236326,2.029711
28.800000,0.240062,2.126966
28.800000,0.242700,2.195899
28.800000,0.230369,2.654458
28.800000,0.233006,2.723506
28.900000,0.236962,2.826862
28.900000,0.231899,3.032060
28.900000,0.234536,3.100668
28.900000,0.237613,3.180650
28.900000,0.241788,3.289296
28.900000,0.245744,3.392427
29.000000,0.249699,3.495691
29.000000,0.253435,3.593217
29.000000,0.240900,3.704108
29.000000,0.237381,3.821611
29.000000,0.240457,3.901755
29.000000,0.243973,3.993345
29.000000,0.246170,4.050607
29.100000,0.249466,4.136532
29.100000,0.252542,4.216764
29.100000,0.233420,4.306927
29.100000,0.236935,4.398636
29.100000,0.240231,4.484576
29.100000,0.242868,4.553321
29.100000,0.246383,4.644956
29.200000,0.248800,4.707959
29.200000,0.252315,4.799615
29.200000,0.255829,4.891286
29.200000,0.258465,4.960041
29.200000,0.261101,5.028795
29.200000,0.263518,5.091824
29.200000,0.238585,4.930754
29.200000,0.242319,5.011157
29.300000,0.245614,5.055027
29.300000,0.248691,5.077469
29.300000,0.251767,5.093971
29.300000,0.254844,5.116399
29.300000,0.258359,5.157445
29.300000,0.240794,4.624261
29.400000,0.244310,4.665672
29.400000,0.246290,4.630737
29.400000,0.249148,4.614593
29.400000,0.252007,4.588839
29.400000,0.255305,4.562793
29.400000,0.236642,3.956065
29.400000,0.240380,3.966854
29.500000,0.243458,3.983163
29.500000,0.247855,4.000518
29.500000,0.250933,4.002140
29.500000,0.254232,3.995268
29.500000,0.242814,3.602294
29.500000,0.245673,3.595579
29.600000,0.244140,3.463982
29.600000,0.244362,3.396087
29.600000,0.247441,3.401502
29.600000,0.251180,3.407417
29.600000,0.254479,3.409309
29.600000,0.242839,3.023320
29.600000,0.239548,2.821992
29.700000,0.243067,2.819143
29.700000,0.245927,2.818505
29.700000,0.241976,2.624316
29.700000,0.245275,2.626357
29.700000,0.241763,2.434820
29.700000,0.244623,2.435145
29.700000,0.243087,2.331611
29.800000,0.246386,2.330487
29.800000,0.245950,2.237766
29.800000,0.242218,2.041621
29.800000,0.245957,2.041909
29.800000,0.240245,1.847678
29.800000,0.243325,1.848331
29.800000,0.239812,1.654443
29.900000,0.243332,1.654416
29.900000,0.247512,1.650796
29.900000,0.251032,1.624974
29.900000,0.255654,1.549454
29.900000,0.258516,1.490584
29.900000,0.244235,0.958357
30.000000,0.247536,0.908547
30.000000,0.245562,0.758653
30.000000,0.248423,0.726241
30.000000,0.252385,0.651870
30.000000,0.241182,0.152766
30.000000,0.237012,0.156748
30.100000,0.241197,0.297194
30.100000,0.245160,0.406192
30.100000,0.241430,0.683972
30.100000,0.237919,0.961375
30.100000,0.241001,1.032110
30.100000,0.244964,1.136399
30.200000,0.246509,1.289367
30.200000,0.244097,1.521989
30.200000,0.246519,1.589648
30.200000,0.243008,1.835537
30.200000,0.239934,1.991970
30.200000,0.242576,2.056154
30.200000,0.244997,2.116399
30.300000,0.241265,2.298029
30.300000,0.245447,2.410488
30.300000,0.241935,2.592442
30.300000,0.237318,2.619115
30.300000,0.239739,2.682044
30.300000,0.243041,2.766447
30.300000,0.243922,2.817198
30.400000,0.247665,2.912704
30.400000,0.244808,2.974179
30.400000,0.241294,3.112593
30.400000,0.238660,3.247819
30.400000,0.242182,3.340088
30.500000,0.238886,3.427707
30.500000,0.242628,3.524328
30.500000,0.245929,3.609690
30.500000,0.249010,3.689713
30.500000,0.252312,3.775841
30.500000,0.240882,3.880288
30.500000,0.243963,3.960831
30.600000,0.246384,4.035252
30.600000,0.249245,4.109689
30.600000,0.245951,4.203636
30.600000,0.249032,4.283622
30.600000,0.237385,4.367275
30.600000,0.240686,4.453242
30.600000,0.243547,4.527817
30.700000,0.238935,4.604574
30.700000,0.241355,4.667682
30.700000,0.244656,4.753662
30.700000,0.241585,4.865861
30.700000,0.237854,4.951130
30.700000,0.241154,5.037007
30.800000,0.244455,5.134360
30.800000,0.240726,5.233214
30.800000,0.244026,5.319195
30.800000,0.247106,5.399433
30.800000,0.242498,5.473898
30.800000,0.238329,5.506545
30.800000,0.241849,5.598175
30.900000,0.245149,5.684093
30.900000,0.248449,5.770027
30.900000,0.243398,5.687214
30.900000,0.246698,5.773160
30.900000,0.241868,5.732221
30.900000,0.245168,5.818161
30.900000,0.242536,5.810972
31.000000,0.244518,5.875722
31.000000,0.248698,5.984558
31.000000,0.251998,6.070499
31.000000,0.255518,6.162166
31.000000,0.259477,6.265297
31.000000,0.240358,5.722990
31.100000,0.244538,5.831842
31.100000,0.248498,5.934976
31.100000,0.252458,6.038080
31.100000,0.256197,6.135468
31.100000,0.260156,6.238592
31.100000,0.264115,6.341725
31.200000,0.266975,6.416208
31.200000,0.270493,6.507876
31.200000,0.273572,6.588081
31.200000,0.276871,6.674010
31.200000,0.279729,6.748480
31.200000,0.283468,6.845866
31.200000,0.241935,5.753147
31.300000,0.245675,5.850530
31.300000,0.248754,5.930729
31.300000,0.252054,6.016660
31.300000,0.254913,6.091133
31.300000,0.257992,6.171330
31.300000,0.260852,6.245798
31.400000,0.244807,5.830192
31.400000,0.247887,5.910395
31.400000,0.247450,5.899389
31.400000,0.250090,5.968144
31.400000,0.253169,6.048349
31.400000,0.256908,6.145736
31.400000,0.259547,6.214485
31.400000,0.262186,6.283222
31.500000,0.243284,5.791316
31.500000,0.246364,5.871518
31.500000,0.250103,5.968917
31.500000,0.253182,6.049120
31.500000,0.256921,6.146518
31.500000,0.260440,6.238182
31.600000,0.263518,6.318387
31.600000,0.266157,6.387124
31.600000,0.269456,6.473057
31.600000,0.241980,5.756498
31.600000,0.244839,5.830974
31.600000,0.247918,5.911179
31.600000,0.251217,5.997109
31.600000,0.239346,5.687723
31.700000,0.243305,5.790830
31.700000,0.246385,5.871030
31.700000,0.249684,5.956956
31.700000,0.253202,6.048609
31.700000,0.255841,6.117355
31.700000,0.259360,6.209005
31.800000,0.244630,5.825129
31.800000,0.247709,5.905328
31.800000,0.247712,5.905291
31.800000,0.243315,5.790758
31.800000,0.239798,5.699081
31.800000,0.243757,5.802198
31.900000,0.247056,5.888121
31.900000,0.243539,5.796427
31.900000,0.246398,5.870900
31.900000,0.249916,5.962559
31.900000,0.253215,6.048477
31.900000,0.241782,5.750572
31.900000,0.244201,5.813590
32.000000,0.248160,5.916700
32.000000,0.251678,6.008359
32.000000,0.255416,6.105757
32.000000,0.259594,6.214614
32.000000,0.240685,5.721896
32.000000,0.243764,5.802094
32.100000,0.239805,5.698958
32.100000,0.242444,5.767702
32.100000,0.246183,5.865088
32.100000,0.250361,5.973937
32.100000,0.253879,6.065586
32.100000,0.242884,5.779125
32.100000,0.245083,5.836399
32.200000,0.248381,5.922315
32.200000,0.245303,5.842118
32.200000,0.240904,5.727531
32.200000,0.244423,5.819184
32.200000,0.239804,5.698871
32.200000,0.243982,5.807716
32.300000,0.239363,5.687416
32.300000,0.242222,5.761876
32.300000,0.245520,5.847797
32.300000,0.240461,5.716031
32.300000,0.243540,5.796227
32.300000,0.239361,5.687364
32.300000,0.242659,5.773288
32.400000,0.246397,5.870667
32.400000,0.248596,5.927963
32.400000,0.244856,5.830573
32.400000,0.239577,5.693087
32.400000,0.243535,5.796201
32.400000,0.238036,5.652958
32.400000,0.242214,5.761801
32.500000,0.238693,5.670132
32.500000,0.241771,5.750336
32.500000,0.243530,5.796156
32.500000,0.245949,5.859168
32.500000,0.242209,5.761793
32.500000,0.238029,5.652945
32.500000,0.241547,5.744592
32.600000,0.244624,5.824775
32.600000,0.240444,5.715920
32.600000,0.244182,5.813296
32.600000,0.240441,5.715918
32.600000,0.243079,5.784655
32.600000,0.238678,5.670101
32.600000,0.242416,5.767484
32.700000,0.245494,5.847669
32.700000,0.240653,5.721640
32.700000,0.244391,5.819027
32.700000,0.246809,5.882036
32.700000,0.242408,5.767467
32.700000,0.239547,5.693004
32.700000,0.241965,5.756011
32.800000,0.242844,5.778922
32.800000,0.239102,5.681529
32.800000,0.242840,5.778908
32.800000,0.237998,5.652881
32.800000,0.241296,5.738810
32.800000,0.237774,5.647149
32.800000,0.241291,5.738811
32.900000,0.243709,5.801821
32.900000,0.239088,5.681539
32.900000,0.242166,5.761737
32.900000,0.245243,5.841931
32.900000,0.240402,5.715879
32.900000,0.243040,5.784621
32.900000,0.241717,5.750246
33.000000,0.245014,5.836178
33.000000,0.246112,5.864820
33.000000,0.241710,5.750244
33.000000,0.244348,5.818985
33.000000,0.239506,5.692961
33.000000,0.242144,5.761696
33.000000,0.237741,5.647120
33.100000,0.242357,5.767402
33.100000,0.246094,5.864793
33.100000,0.242571,5.773151
33.100000,0.246088,5.864797
33.100000,0.242564,5.773144
33.100000,0.246301,5.870515
33.200000,0.250257,5.973628
33.200000,0.239913,5.704424
33.200000,0.243210,5.790356
33.200000,0.237927,5.652880
33.200000,0.241005,5.733077
33.200000,0.244961,5.836170
33.300000,0.248038,5.916360
33.300000,0.251774,6.013746
33.300000,0.240550,5.721601
33.300000,0.244286,5.818989
33.300000,0.239443,5.692976
33.300000,0.242740,5.778907
33.300000,0.242517,5.773175
33.400000,0.245594,5.853368
33.400000,0.245701,5.830436
33.400000,0.242983,5.715847
33.400000,0.245181,5.773128
33.400000,0.247819,5.841871
33.400000,0.251335,5.933536
33.400000,0.255510,6.042369
33.500000,0.246560,5.721533
33.500000,0.250296,5.818926
33.500000,0.253593,5.904846
33.500000,0.251316,5.801723
33.500000,0.248600,5.687112
33.500000,0.251896,5.773038
33.500000,0.254973,5.853234
33.600000,0.256396,5.876146
33.600000,0.259033,5.944892
33.600000,0.257269,5.899069
33.600000,0.260126,5.973533
33.600000,0.248242,5.664230
33.600000,0.251539,5.750147
33.600000,0.255055,5.841787
33.700000,0.251530,5.750145
33.700000,0.254387,5.824615
33.700000,0.257024,5.893354
33.700000,0.253059,5.790247
33.700000,0.248654,5.675689
33.700000,0.251951,5.761611
33.700000,0.255027,5.841810
33.800000,0.257003,5.893363
33.800000,0.259859,5.967831
33.800000,0.256995,5.893369
33.800000,0.252370,5.773081
33.800000,0.247965,5.658521
33.800000,0.251042,5.738725
33.800000,0.246416,5.618428
33.900000,0.249713,5.704351
33.900000,0.253008,5.790274
33.900000,0.247065,5.635613
33.900000,0.251020,5.738719
33.900000,0.254975,5.841842
33.900000,0.258710,5.939218
34.000000,0.254303,5.824677
34.000000,0.258477,5.933507
34.000000,0.255391,5.853330
34.000000,0.250106,5.715839
34.000000,0.252303,5.773126
34.000000,0.254720,5.836138
34.000000,0.258015,5.922061
34.100000,0.262189,6.030887
34.100000,0.265484,6.116815
34.100000,0.245895,5.607015
34.100000,0.249410,5.698665
34.100000,0.252266,5.773128
34.100000,0.254682,5.836145
34.100000,0.257977,5.922063
34.100000,0.260833,5.996531
34.200000,0.263908,6.076727
34.200000,0.267203,6.162653
34.200000,0.270717,6.254311
34.200000,0.273792,6.334501
34.200000,0.277525,6.431871
34.200000,0.281259,6.538541
34.300000,0.284115,6.640447
34.300000,0.286971,6.760857
34.300000,0.290705,6.933830
34.300000,0.294439,7.104020
34.300000,0.297732,7.239997
34.300000,0.301465,7.378455
34.300000,0.304978,7.518830
34.400000,0.308710,7.703779
34.400000,0.310906,7.829399
34.400000,0.247314,6.303975
34.400000,0.243785,6.343979
34.400000,0.246859,6.510178
34.400000,0.250811,6.703753
34.500000,0.253884,6.847841
34.500000,0.257835,7.039066
34.500000,0.261346,7.221173
34.500000,0.265077,7.424850
34.500000,0.268806,7.630785
34.500000,0.272535,7.831358
34.600000,0.245676,7.211690
34.600000,0.248308,7.345234
34.600000,0.251379,7.500080
34.600000,0.254887,7.679067
34.600000,0.258175,7.850458
34.600000,0.261463,8.024775
34.600000,0.265189,8.223436
34.700000,0.267599,8.351295
34.700000,0.270009,8.478076
34.700000,0.273295,8.649241
34.700000,0.246874,8.051481
34.700000,0.250379,8.232880
34.700000,0.253226,8.381124
34.700000,0.256949,8.576312
34.800000,0.261109,8.795466
34.800000,0.248992,8.555742
34.800000,0.252714,8.750931
34.800000,0.255778,8.911028
34.800000,0.252018,8.910265
34.800000,0.248038,8.898221
34.900000,0.251102,9.058464
34.900000,0.254821,9.253504
34.900000,0.251060,9.253969
34.900000,0.254778,9.449046
34.900000,0.250578,9.426173
34.900000,0.252984,9.552107
34.900000,0.252524,9.626360
35.000000,0.255366,9.775118
35.000000,0.254250,9.815162
35.000000,0.256873,9.952656
35.000000,0.252674,9.929885
35.000000,0.256170,10.113319
35.000000,0.252189,10.101926
35.000000,0.247552,10.056114
35.100000,0.251704,10.273689
35.100000,0.254763,10.434018
35.100000,0.259350,10.674579
35.100000,0.261534,10.789150
35.100000,0.264591,10.949590
35.100000,0.268084,11.132945
35.100000,0.270704,11.270460
35.200000,0.256610,10.995505
35.200000,0.260321,11.190228
35.200000,0.258979,11.247494
35.200000,0.262254,11.419347
35.200000,0.265527,11.591221
35.200000,0.269237,11.786017
35.300000,0.250956,11.110888
35.300000,0.254230,11.282751
35.300000,0.256412,11.397313
35.300000,0.251552,11.220037
35.300000,0.255044,11.403338
35.300000,0.251273,11.159679
35.300000,0.254327,11.320085
35.400000,0.255620,11.381111
35.400000,0.259110,11.564427
35.400000,0.257100,11.439855
35.400000,0.260371,11.611707
35.400000,0.263206,11.760646
35.400000,0.251080,11.172213
35.500000,0.255006,11.378419
35.500000,0.251013,11.151514
35.500000,0.254284,11.323366
35.500000,0.257555,11.495218
35.500000,0.260825,11.667069
35.500000,0.249567,11.094895
35.500000,0.252619,11.255286
35.600000,0.256096,11.438135
35.600000,0.253201,11.286383
35.600000,0.256035,11.435335
35.600000,0.251820,11.212353
35.600000,0.254872,11.372755
35.600000,0.251092,11.181119
35.700000,0.253489,11.307144
35.700000,0.249709,11.114523
35.700000,0.253413,11.309311
35.700000,0.256028,11.446804
35.700000,0.259731,11.641581
35.700000,0.262562,11.790522
35.700000,0.250425,11.157452
35.800000,0.253908,11.340775
35.800000,0.257392,11.524071
35.800000,0.254483,11.376497
35.800000,0.256878,11.502522
35.800000,0.260144,11.674389
35.800000,0.247568,11.020583
35.800000,0.251269,11.215343
35.900000,0.246831,10.986419
35.900000,0.250314,11.169716
35.900000,0.253362,11.330109
35.900000,0.257280,11.536320
35.900000,0.260109,11.685263
35.900000,0.249493,11.135492
36.000000,0.252100,11.272980
36.000000,0.255364,11.444833
36.000000,0.258410,11.605228
36.000000,0.261891,11.788533
36.000000,0.264283,11.914572
36.000000,0.245085,10.917904
36.000000,0.248348,11.089758
36.100000,0.251394,11.250163
36.100000,0.254656,11.422019
36.100000,0.257701,11.582422
36.100000,0.260528,11.731363
36.100000,0.263789,11.903217
36.100000,0.267702,12.109436
36.100000,0.249604,11.169975
36.200000,0.253518,11.376224
36.200000,0.254153,11.410582
36.200000,0.249708,11.181414
36.200000,0.253404,11.376184
36.200000,0.249392,11.169894
36.200000,0.253304,11.376091
36.300000,0.248857,11.146934
36.300000,0.252552,11.341698
36.300000,0.256028,11.525016
36.300000,0.259287,11.696877
36.300000,0.262545,11.868734
36.300000,0.265369,12.017667
36.300000,0.268843,12.200972
36.400000,0.272534,12.395736
36.400000,0.276225,12.590510
36.400000,0.279263,12.750896
36.400000,0.283170,12.957135
36.400000,0.286641,13.140447
36.400000,0.289895,13.312302
36.500000,0.248012,11.135564
36.500000,0.251051,11.295960
36.500000,0.254307,11.467813
36.500000,0.257563,11.639674
36.500000,0.260167,11.777177
36.500000,0.262988,11.926111
36.500000,0.265809,12.075053
36.600000,0.250762,11.295924
36.600000,0.253366,11.433411
36.600000,0.252886,11.410493
36.600000,0.255707,11.559433
36.600000,0.257442,11.651090
36.600000,0.260479,11.811470
36.600000,0.264166,12.006241
36.600000,0.267202,12.166626
36.700000,0.248851,11.215743
36.700000,0.251888,11.376139
36.700000,0.254707,11.525069
36.700000,0.257959,11.696915
36.700000,0.260344,11.822913
36.700000,0.264029,12.017676
36.700000,0.266847,12.166600
36.800000,0.251375,11.364639
36.800000,0.250661,11.330270
36.800000,0.254779,11.547962
36.800000,0.258030,11.719813
36.800000,0.259763,11.811455
36.800000,0.246730,11.135530
36.800000,0.242705,10.929340
36.900000,0.245955,11.101192
36.900000,0.249422,11.284501
36.900000,0.245613,11.089740
36.900000,0.241586,10.883509
36.900000,0.244619,11.043919
36.900000,0.245440,11.089774
37.000000,0.249122,11.284526
37.000000,0.247090,11.181430
37.000000,0.249255,11.296018
37.000000,0.245660,11.112717
37.000000,0.242282,10.940834
37.000000,0.245529,11.112687
37.000000,0.242150,10.940831
37.100000,0.244964,11.089768
37.100000,0.247994,11.250164
37.100000,0.243315,11.009555
37.100000,0.245912,11.147049
37.100000,0.242098,10.952293
37.100000,0.244911,11.101236
37.100000,0.247724,11.250174
37.200000,0.248341,11.284523
37.200000,0.252019,11.479294
37.200000,0.255696,11.674058
37.200000,0.245718,11.158560
37.200000,0.249828,11.376210
37.200000,0.252207,11.502250
37.200000,0.239167,10.826244
37.300000,0.241979,10.975176
37.300000,0.244141,11.089763
37.300000,0.240540,10.906473
37.300000,0.243567,11.066882
37.300000,0.247242,11.261670
37.300000,0.250269,11.422057
37.300000,0.254376,11.639751
37.400000,0.257618,11.811595
37.400000,0.261940,12.040739
37.400000,0.264749,12.189689
37.400000,0.237371,10.769039
37.400000,0.240395,10.929431
37.400000,0.242556,11.044014
37.400000,0.246013,11.227321
37.500000,0.249901,11.433544
37.500000,0.253789,11.639782
37.500000,0.256813,11.800179
37.500000,0.236710,10.757633
37.500000,0.239517,10.906581
37.500000,0.242540,11.066980
37.500000,0.245347,11.215921
37.600000,0.248154,11.364851
37.600000,0.236191,10.746234
37.600000,0.239645,10.929547
37.600000,0.243747,11.147219
37.600000,0.246768,11.307614
37.600000,0.250653,11.513811
37.700000,0.253675,11.674205
37.700000,0.257127,11.857500
37.700000,0.260796,12.052252
37.700000,0.264248,12.235555
37.700000,0.267699,12.418861
37.700000,0.272014,12.648019
37.800000,0.238864,10.929575
37.800000,0.242746,11.135802
37.800000,0.245765,11.296213
37.800000,0.241507,11.078557
37.800000,0.237681,10.883755
37.800000,0.240914,11.055606
37.900000,0.243501,11.193097
37.900000,0.239027,10.963984
37.900000,0.242476,11.147286
37.900000,0.238864,10.963945
37.900000,0.242527,11.158721
37.900000,0.253318,11.397405
37.900000,0.256558,11.569264
38.000000,0.260230,11.764032
38.000000,0.254214,11.454718
38.000000,0.257237,11.615112
38.000000,0.260260,11.775507
38.000000,0.256006,11.557816
38.000000,0.259245,11.729668
38.000000,0.262267,11.890067
38.100000,0.265074,12.039016
38.100000,0.253325,11.431868
38.100000,0.256563,11.603718
38.100000,0.252955,11.420419
38.100000,0.256408,11.603723
38.100000,0.254796,11.523526
38.200000,0.258248,11.706835
38.200000,0.258839,11.741206
38.200000,0.255445,11.569422
38.200000,0.258465,11.729830
38.200000,0.261053,11.867300
38.200000,0.264288,12.039153
38.200000,0.253184,11.466272
38.300000,0.256850,11.661046
38.300000,0.260299,11.844379
38.300000,0.263318,12.004766
38.300000,0.266551,12.176613
38.300000,0.255445,11.603799
38.300000,0.258894,11.787107
38.400000,0.258806,11.787109
38.400000,0.262685,11.993334
38.400000,0.262391,11.981889
38.400000,0.265192,12.130828
38.400000,0.269501,12.359971
38.400000,0.272732,12.531823
38.500000,0.254130,11.569462
38.500000,0.257361,11.741317
38.500000,0.261237,11.947539
38.500000,0.257405,11.752791
38.500000,0.259774,11.878837
38.500000,0.255510,11.661162
38.600000,0.258524,11.821559
38.600000,0.261969,12.004873
38.600000,0.264552,12.142345
38.600000,0.267780,12.314228
38.600000,0.271009,12.486092
38.600000,0.274452,12.669391
38.600000,0.278325,12.875618
38.700000,0.282413,13.093300
38.700000,0.286285,13.299511
38.700000,0.288437,13.414092
38.700000,0.291448,13.574490
38.700000,0.294459,13.734886
38.700000,0.252945,11.581068
38.700000,0.255740,11.730016
38.800000,0.258966,11.901872
38.800000,0.262191,12.073727
38.800000,0.265201,12.234122
38.800000,0.269071,12.440336
38.800000,0.250034,11.455070
38.800000,0.253687,11.649821
38.900000,0.257341,11.844580
38.900000,0.260349,12.004977
38.900000,0.263573,12.176830
38.900000,0.266581,12.337230
38.900000,0.270234,12.531994
38.900000,0.251625,11.569620
39.000000,0.255276,11.764399
39.000000,0.259786,12.004997
39.000000,0.263437,12.199759
39.000000,0.266874,12.383074
39.000000,0.270739,12.589307
39.000000,0.251699,11.604114
39.100000,0.255133,11.787448
39.100000,0.251292,11.592685
39.100000,0.253652,11.718720
39.100000,0.256443,11.867652
39.100000,0.259447,12.028034
39.100000,0.247899,11.432254
39.100000,0.251118,11.604105
39.200000,0.254765,11.798887
39.200000,0.257542,11.947846
39.200000,0.253924,11.764591
39.200000,0.257356,11.947907
39.200000,0.259287,12.051010
39.200000,0.247309,11.432369
39.200000,0.250525,11.604209
39.300000,0.254170,11.798958
39.300000,0.249682,11.569829
39.300000,0.252898,11.741681
39.300000,0.248838,11.535430
39.300000,0.252482,11.730193
39.300000,0.248225,11.512532
39.400000,0.251422,11.684376
39.400000,0.254636,11.856224
39.400000,0.258065,12.039534
39.400000,0.262137,12.257238
39.400000,0.265565,12.440564
39.400000,0.246738,11.466740
39.500000,0.250379,11.661522
39.500000,0.253591,11.833392
39.500000,0.257232,12.028155
39.500000,0.260659,12.211461
39.500000,0.263444,12.360413
39.500000,0.266228,12.509369
39.500000,0.269441,12.681228
39.600000,0.272653,12.853090
39.600000,0.275009,12.979126
39.600000,0.277579,13.116602
39.600000,0.280577,13.277007
39.600000,0.284217,13.471793
39.600000,0.286572,13.597813
39.600000,0.289784,13.769668
39.700000,0.293852,13.987357
39.700000,0.297919,14.205053
39.700000,0.301558,14.399811
39.700000,0.305197,14.594562
39.700000,0.307979,14.743511
39.700000,0.311402,14.926808
39.800000,0.314398,15.087206
39.800000,0.317393,15.247600
39.800000,0.319960,15.385074
39.800000,0.322954,15.545457
39.800000,0.325735,15.694381
39.800000,0.329370,15.889155
39.800000,0.332577,16.061032
39.900000,0.246107,11.570055
39.900000,0.248885,11.718997
39.900000,0.252946,11.936666
39.900000,0.256579,12.131430
39.900000,0.260426,12.337660
39.900000,0.263632,12.509516
40.000000,0.247458,11.673159
40.000000,0.248433,11.730447
40.000000,0.251850,11.913772
40.000000,0.254841,12.074179
40.000000,0.259327,12.314822
40.000000,0.263813,12.555406
40.100000,0.243915,11.524299
40.100000,0.246903,11.684708
40.100000,0.250532,11.879466
40.100000,0.254589,12.097143
40.100000,0.257791,12.269000
40.100000,0.261421,12.463774
40.200000,0.264411,12.624168
40.200000,0.267400,12.784561
40.200000,0.271030,12.979329
40.200000,0.273593,13.116803
40.200000,0.278077,13.357430
40.200000,0.281280,13.529279
40.200000,0.284483,13.701119
40.300000,0.287472,13.861504
40.300000,0.290888,14.044793
40.300000,0.294091,14.216652
40.300000,0.297507,14.399980
40.300000,0.240155,11.421272
40.300000,0.242926,11.570197
40.300000,0.245697,11.719131
40.400000,0.246673,11.776425
40.400000,0.245248,11.707694
40.400000,0.248446,11.879558
40.400000,0.251856,12.062884
40.400000,0.240301,11.467145
40.400000,0.244136,11.673390
40.500000,0.239850,11.455684
40.500000,0.242619,11.604625
40.500000,0.246667,11.822316
40.500000,0.249224,11.959812
40.500000,0.252846,12.154589
40.500000,0.240650,11.524472
40.500000,0.243631,11.684869
40.600000,0.247039,11.868188
40.600000,0.250873,12.074409
40.600000,0.254281,12.257714
40.600000,0.257903,12.452473
40.600000,0.238649,11.455745
40.600000,0.241841,11.627598
40.700000,0.244821,11.788006
40.700000,0.240321,11.558898
40.700000,0.243088,11.707832
40.700000,0.246067,11.868228
40.700000,0.249048,12.028618
40.700000,0.252880,12.234833
40.700000,0.256286,12.418148
40.800000,0.260332,12.635807
40.800000,0.263526,12.807652
40.800000,0.266082,12.945138
40.800000,0.269277,13.116991
40.800000,0.273110,13.323212
40.800000,0.239729,11.593323
40.900000,0.235654,11.387094
40.900000,0.239056,11.570418
40.900000,0.242245,11.742275
40.900000,0.245009,11.891204
40.900000,0.248625,12.085990
40.900000,0.236643,11.467309
41.000000,0.240256,11.662096
41.000000,0.235967,11.444384
41.000000,0.238730,11.593318
41.000000,0.241705,11.753745
41.000000,0.237628,11.547548
41.000000,0.240603,11.707941
41.000000,0.236525,11.501714
41.100000,0.239500,11.662100
41.100000,0.243537,11.879767
41.100000,0.247575,12.097465
41.100000,0.250976,12.280783
41.100000,0.255228,12.509909
41.100000,0.237492,11.593381
41.200000,0.240890,11.776691
41.200000,0.243196,11.902712
41.200000,0.245745,12.040188
41.200000,0.248507,12.189131
41.200000,0.252545,12.406802
41.200000,0.255095,12.544291
41.300000,0.259559,12.784897
41.300000,0.262322,12.933860
41.300000,0.235585,11.547699
41.300000,0.238556,11.708084
41.300000,0.242377,11.914294
41.300000,0.245350,12.074682
41.300000,0.248960,12.269431
41.400000,0.252995,12.487119
41.400000,0.255969,12.647519
41.400000,0.259156,12.819388
41.400000,0.262768,13.014181
41.400000,0.265956,13.186043
41.400000,0.269569,13.380823
41.500000,0.273182,13.575587
41.500000,0.276370,13.747439
41.500000,0.279984,13.942196
41.500000,0.283172,14.114054
41.500000,0.286148,14.274463
41.500000,0.289549,14.457783
41.600000,0.292525,14.618177
41.600000,0.296564,14.835878
41.600000,0.299540,14.996274
41.600000,0.303366,15.202461
41.600000,0.306980,15.397205
41.600000,0.310168,15.569059
41.600000,0.230580,11.433114
41.700000,0.234395,11.639338
41.700000,0.238422,11.857031
41.700000,0.233916,11.627938
41.700000,0.237308,11.811247
41.700000,0.240487,11.983097
41.700000,0.244304,12.189339
41.800000,0.236892,11.811274
41.800000,0.239859,11.971684
41.800000,0.239739,11.971695
41.800000,0.242707,12.132101
41.800000,0.245675,12.292503
41.800000,0.248644,12.452904
41.900000,0.251402,12.601848
41.900000,0.232152,11.605076
41.900000,0.235753,11.799831
41.900000,0.239566,12.006082
41.900000,0.243169,12.200839
41.900000,0.232670,11.662349
42.000000,0.236482,11.868588
42.000000,0.236371,11.868575
42.000000,0.239125,12.017507
42.000000,0.237482,11.937299
42.000000,0.240871,12.120615
42.000000,0.229738,11.547829
42.000000,0.233125,11.731145
42.100000,0.227985,11.467619
42.100000,0.231371,11.650930
42.100000,0.234758,11.834245
42.100000,0.238570,12.040490
42.100000,0.241959,12.223804
42.100000,0.244925,12.384202
42.200000,0.248316,12.566060
42.200000,0.234767,11.844857
42.200000,0.237730,11.962159
42.200000,0.234781,11.767368
42.200000,0.237957,11.871107
42.200000,0.240287,11.950803
42.200000,0.228309,11.284012
42.200000,0.231274,11.408982
42.300000,0.234664,11.550346
42.300000,0.238691,11.680522
42.300000,0.242083,11.754950
42.300000,0.245266,11.811240
42.300000,0.226667,10.718325
42.400000,0.230698,10.824538
42.400000,0.242263,10.652025
42.400000,0.245667,10.762165
42.400000,0.242059,10.515091
42.400000,0.245251,10.603840
42.400000,0.248869,10.693633
42.400000,0.236484,9.975107
42.500000,0.240315,10.068934
42.500000,0.235830,9.758062
42.500000,0.239876,9.871964
42.500000,0.243285,9.969864
42.500000,0.246483,10.059522
42.500000,0.234960,9.362965
42.600000,0.238369,9.415076
42.600000,0.241547,9.408508
42.600000,0.238367,9.072110
42.600000,0.241782,9.102157
42.600000,0.245627,9.157585
42.600000,0.234546,8.437116
42.600000,0.229013,8.064422
42.700000,0.231147,8.069308
42.700000,0.233069,8.062215
42.700000,0.239482,8.005203
42.700000,0.243764,7.987047
42.700000,0.224403,6.823238
42.700000,0.226328,6.824951
42.800000,0.230823,6.794965
42.800000,0.226377,6.354575
42.800000,0.222366,5.890136
42.800000,0.226222,5.798843
42.800000,0.222433,5.311706
42.800000,0.226295,5.199610
42.900000,0.229302,5.111711
42.900000,0.224877,4.637580
42.900000,0.227887,4.557489
42.900000,0.224997,4.154679
42.900000,0.228871,4.057398
42.900000,0.232319,3.968511
43.000000,0.236417,3.858622
43.000000,0.231343,3.299738
43.000000,0.235661,3.182115
43.000000,0.224061,2.316765
43.000000,0.226436,2.254476
43.000000,0.229460,2.175812
43.100000,0.226157,1.679218
43.100000,0.230265,1.570645
43.100000,0.233944,1.472355
43.100000,0.237193,1.385402
43.100000,0.227816,0.803504
43.100000,0.229321,0.620700
43.100000,0.224098,0.284317
43.200000,0.226913,0.210340
43.200000,0.229297,0.147694
43.200000,0.233199,0.044835
43.200000,0.222128,0.468016
43.200000,0.225379,0.554307
43.200000,0.228415,0.634804
43.200000,0.224515,0.892239
43.300000,0.227986,0.983811
43.300000,0.231459,1.075274
43.300000,0.234500,1.155332
43.300000,0.227361,1.618018
43.300000,0.228238,1.810033
43.300000,0.223926,2.064424
43.400000,0.227618,2.161909
43.400000,0.230878,2.247853
43.400000,0.234574,2.345195
43.400000,0.239361,2.471148
43.400000,0.242409,2.551347
43.400000,0.246113,2.645604
43.500000,0.249818,2.715045
43.500000,0.253744,2.754173
43.500000,0.257672,2.776145
43.500000,0.261600,2.806172
43.500000,0.264874,2.847153
43.500000,0.267931,2.894813
43.600000,0.227560,3.684521
43.600000,0.229953,3.690834
43.600000,0.232565,3.680183
43.600000,0.235177,3.658219
43.600000,0.230476,3.583354
43.600000,0.233957,3.563012
43.600000,0.237656,3.563331
43.700000,0.234693,3.553938
43.700000,0.237956,3.569693
43.700000,0.241002,3.576696
43.700000,0.245139,3.572171
43.700000,0.248841,3.560869
43.700000,0.252109,3.552565
43.800000,0.254506,3.549967
43.800000,0.240330,3.285044
43.800000,0.244681,3.292389
43.800000,0.247510,3.296958
43.800000,0.239160,3.013856
43.800000,0.235107,2.815952
43.900000,0.238801,2.812132
43.900000,0.234527,2.624541
43.900000,0.237785,2.623353
43.900000,0.241261,2.624281
43.900000,0.243869,2.625846
43.900000,0.247348,2.627870
43.900000,0.235090,2.232280
44.000000,0.238564,2.232248
44.000000,0.241822,2.231276
44.000000,0.244646,2.230251
44.000000,0.248124,2.229413
44.000000,0.252255,2.229447
44.000000,0.233078,1.648190
44.000000,0.236332,1.648887
44.100000,0.240673,1.649395
44.100000,0.244365,1.649263
44.100000,0.247840,1.648851
44.100000,0.250882,1.648511
44.100000,0.253925,1.648349
44.100000,0.234712,1.064454
44.200000,0.237531,1.064629
44.200000,0.240786,1.064872
44.200000,0.243394,1.042038
44.200000,0.246651,1.042049
44.200000,0.242768,0.869462
44.200000,0.246893,0.869291
44.200000,0.250150,0.869205
44.300000,0.252757,0.869198
44.300000,0.255800,0.869250
44.300000,0.236968,0.285217
44.300000,0.240222,0.285286
44.300000,0.243260,0.285308
44.300000,0.246950,0.285282
44.300000,0.235901,0.104431
44.400000,0.240239,0.104474
44.400000,0.244145,0.104468
44.400000,0.247402,0.104441
44.400000,0.250659,0.104411
44.400000,0.253483,0.104395
44.400000,0.257829,0.104396
44.500000,0.260655,0.104408
44.500000,0.264787,0.104429
44.500000,0.268702,0.104437
44.500000,0.236090,0.649961
44.500000,0.239561,0.649952
44.500000,0.235644,0.606805
44.600000,0.238898,0.606804
44.600000,0.241717,0.601056
44.600000,0.245625,0.601065
44.600000,0.248883,0.601071
44.600000,0.252793,0.601073
44.600000,0.257140,0.601072
44.700000,0.259314,0.601071
44.700000,0.262359,0.601071
44.700000,0.265186,0.601072
44.700000,0.268232,0.601075
44.700000,0.272368,0.601081
44.700000,0.275198,0.601084
44.700000,0.278246,0.601087
44.800000,0.281513,0.601089
44.800000,0.285217,0.601091
44.800000,0.288921,0.601093
44.800000,0.292190,0.601095
44.800000,0.295896,0.601099
44.800000,0.232061,0.599720
44.900000,0.235315,0.599723
44.900000,0.238570,0.599727
44.900000,0.241827,0.599730
44.900000,0.245085,0.599733
44.900000,0.248126,0.599736
44.900000,0.251169,0.599739
44.900000,0.255517,0.599744
45.000000,0.258997,0.599748
45.000000,0.263130,0.599752
45.000000,0.266394,0.599756
45.000000,0.269660,0.599760
45.000000,0.272708,0.599763
45.000000,0.275321,0.599767
45.100000,0.279024,0.599771
45.100000,0.282729,0.599776
45.100000,0.286652,0.599780
45.100000,0.290140,0.599785
45.100000,0.293410,0.599789
45.100000,0.296900,0.599793
45.200000,0.236513,0.600185
45.200000,0.239988,0.600190
45.200000,0.239766,0.600214
45.200000,0.243893,0.600219
45.200000,0.248023,0.600224
45.200000,0.251067,0.600227
45.200000,0.254329,0.600231
45.300000,0.235169,0.600302
45.300000,0.238644,0.600306
45.300000,0.241903,0.600310
45.300000,0.245597,0.600314
45.300000,0.248641,0.600318
45.300000,0.252120,0.600322
45.400000,0.255166,0.600325
45.400000,0.258865,0.600329
45.400000,0.262348,0.600333
45.400000,0.265178,0.600336
45.400000,0.268880,0.600340
45.400000,0.235327,0.600268
45.400000,0.238585,0.600272
45.500000,0.242497,0.600276
45.500000,0.246192,0.600280
45.500000,0.250324,0.600284
45.500000,0.253588,0.600288
45.500000,0.257287,0.600292
45.500000,0.260552,0.600295
45.600000,0.264472,0.600299
45.600000,0.243328,0.600303
45.600000,0.246155,0.600306
45.600000,0.244407,0.600309
45.600000,0.245495,0.600310
45.600000,0.248757,0.600313
45.600000,0.252021,0.600316
45.700000,0.255720,0.600319
45.700000,0.237851,0.600314
45.700000,0.241981,0.600317
45.700000,0.237405,0.600314
45.700000,0.240013,0.600316
45.700000,0.243927,0.600319
45.800000,0.247625,0.600321
45.800000,0.242391,0.600317
45.800000,0.240208,0.600316
45.800000,0.236066,0.600310
45.800000,0.239762,0.600312
45.800000,0.243023,0.600314
45.900000,0.245851,0.600316
45.900000,0.249550,0.600318
45.900000,0.254338,0.600321
45.900000,0.236466,0.600300
45.900000,0.239945,0.600302
45.900000,0.242555,0.600304
46.000000,0.245165,0.600305
46.000000,0.248646,0.600307
46.000000,0.243630,0.600299
46.000000,0.247546,0.600301
46.000000,0.243837,0.600294
46.000000,0.247319,0.600296
46.000000,0.235333,0.600280
46.100000,0.239029,0.600281
46.100000,0.234452,0.600274
46.100000,0.238148,0.600276
46.100000,0.241846,0.600277
46.100000,0.246633,0.600279
46.100000,0.249898,0.600280
46.200000,0.252946,0.600281
46.200000,0.255995,0.600282
46.200000,0.258827,0.600282
46.200000,0.261224,0.600283
46.200000,0.264275,0.600283
46.200000,0.267762,0.600284
46.200000,0.233742,0.600240
46.300000,0.237439,0.600241
46.300000,0.240485,0.600241
46.300000,0.243314,0.600242
46.300000,0.245272,0.600242
46.300000,0.249191,0.600242
46.300000,0.252458,0.600243
46.300000,0.234362,0.600219
46.400000,0.236971,0.600218
46.400000,0.233479,0.600210
46.400000,0.237612,0.600210
46.400000,0.232815,0.600203
46.400000,0.236513,0.600203
46.400000,0.231934,0.600196
46.500000,0.235414,0.600196
46.500000,0.238895,0.600197
46.500000,0.235185,0.600190
46.500000,0.238449,0.600190
46.500000,0.233869,0.600182
46.500000,0.231903,0.600177
46.500000,0.235166,0.600177
46.600000,0.236033,0.600174
46.600000,0.239298,0.600174
46.600000,0.235587,0.600167
46.600000,0.239069,0.600167
46.600000,0.242334,0.600167
46.600000,0.245165,0.600166
46.700000,0.234260,0.600153
46.700000,0.237959,0.600152
46.700000,0.233813,0.600147
46.700000,0.236642,0.600146
46.700000,0.240343,0.600146
46.700000,0.243609,0.600145
46.700000,0.244182,0.599931
46.800000,0.247231,0.599930
46.800000,0.247444,0.599927
46.800000,0.243296,0.599922
46.800000,0.246998,0.599921
46.800000,0.250483,0.599920
46.800000,0.253533,0.599920
46.800000,0.241969,0.599910
46.900000,0.245017,0.599909
46.900000,0.248502,0.599908
46.900000,0.244353,0.599904
46.900000,0.247402,0.599903
46.900000,0.250016,0.599903
46.900000,0.244996,0.599899
46.900000,0.248481,0.599898
47.000000,0.247168,0.599895
47.000000,0.247381,0.599893
47.000000,0.250867,0.599892
47.000000,0.253700,0.599892
47.000000,0.257188,0.599892
47.000000,0.260676,0.599891
47.000000,0.240816,0.599881
47.100000,0.244300,0.599880
47.100000,0.247568,0.599879
47.100000,0.242983,0.599875
47.100000,0.246904,0.599874
47.100000,0.242972,0.599871
47.100000,0.246458,0.599870
47.200000,0.246672,0.599869
47.200000,0.250158,0.599867
47.200000,0.248844,0.599866
47.200000,0.251895,0.599865
47.200000,0.254947,0.599864
47.200000,0.243594,0.599861
47.200000,0.246863,0.599860
47.300000,0.250132,0.599859
47.300000,0.245763,0.599857
47.300000,0.249250,0.599856
47.300000,0.252519,0.599855
47.300000,0.256226,0.599854
47.300000,0.244871,0.599852
47.400000,0.249011,0.599851
47.400000,0.252063,0.599850
47.400000,0.256206,0.599849
47.400000,0.259696,0.599848
47.400000,0.263623,0.599847
47.400000,0.267769,0.599846
47.500000,0.271043,0.599845
47.500000,0.274318,0.599845
47.500000,0.277811,0.599844
47.500000,0.281087,0.599843
47.500000,0.247871,0.599840
47.500000,0.251142,0.599839
47.600000,0.254413,0.599838
47.600000,0.257903,0.599837
47.600000,0.260303,0.599837
47.600000,0.264667,0.599835
47.600000,0.269032,0.599834
47.600000,0.272744,0.599833
47.700000,0.276238,0.599832
47.700000,0.279296,0.599831
47.700000,0.245423,0.599835
47.700000,0.248258,0.599834
47.700000,0.251747,0.599833
47.700000,0.255237,0.599832
47.700000,0.258728,0.599832
47.800000,0.261783,0.599831
47.800000,0.264402,0.599830
47.800000,0.252818,0.599832
47.800000,0.256745,0.599831
47.800000,0.260018,0.599830
47.800000,0.249745,0.599832
47.900000,0.253235,0.599831
47.900000,0.256072,0.599831
47.900000,0.260218,0.599830
47.900000,0.263929,0.599829
47.900000,0.266767,0.599829
47.900000,0.270261,0.599829
47.900000,0.273537,0.599828
48.000000,0.276814,0.599827
48.000000,0.279436,0.599827
48.000000,0.282932,0.599826
48.000000,0.286647,0.599826
48.000000,0.245761,0.599834
48.000000,0.249251,0.599833
48.100000,0.244879,0.599835
48.100000,0.248369,0.599834
48.100000,0.251205,0.599833
48.100000,0.254915,0.599832
48.100000,0.258407,0.599831
48.100000,0.261463,0.599830
48.100000,0.265176,0.599829
48.200000,0.268233,0.599829
48.200000,0.271510,0.599828
48.200000,0.274131,0.599827
48.200000,0.277628,0.599827
48.200000,0.282217,0.599826
48.200000,0.285496,0.599825
48.300000,0.245257,0.599838
48.300000,0.248966,0.599838
48.300000,0.251803,0.599837
48.300000,0.254422,0.599837
48.300000,0.257479,0.599836
48.300000,0.260099,0.599836
48.300000,0.263593,0.599835
48.400000,0.245885,0.599840
48.400000,0.248065,0.599840
48.400000,0.249811,0.599840
48.400000,0.252649,0.599840
48.400000,0.255705,0.599839
48.400000,0.244991,0.599842
48.400000,0.248919,0.599842
48.500000,0.253067,0.599841
48.500000,0.256779,0.599841
48.500000,0.260710,0.599840
48.500000,0.263986,0.599840
48.500000,0.267263,0.599839
48.500000,0.242993,0.599846
48.600000,0.245830,0.599846
48.600000,0.246263,0.599846
48.600000,0.249101,0.599846
48.600000,0.252594,0.599845
48.600000,0.254996,0.599845
48.600000,0.258272,0.599844
48.600000,0.261330,0.599844
48.700000,0.242525,0.599849
48.700000,0.246017,0.599848
48.700000,0.249291,0.599848
48.700000,0.251912,0.599848
48.700000,0.254969,0.599847
48.700000,0.258464,0.599847
48.700000,0.262396,0.599846
48.800000,0.248177,0.599851
48.800000,0.247954,0.599851
48.800000,0.251230,0.599851
48.800000,0.254287,0.599851
48.800000,0.257782,0.599851
48.800000,0.261715,0.599850
48.900000,0.242906,0.599855
48.900000,0.246399,0.599854
48.900000,0.249892,0.599854
48.900000,0.246390,0.599855
48.900000,0.249665,0.599855
48.900000,0.252723,0.599855
49.000000,0.256655,0.599855
49.000000,0.260151,0.599854
49.000000,0.264085,0.599854
49.000000,0.267801,0.599853
49.000000,0.270643,0.599852
49.000000,0.244388,0.599859
49.100000,0.247882,0.599858
49.100000,0.251159,0.599858
49.100000,0.254436,0.599857
49.100000,0.258587,0.599856
49.100000,0.246554,0.599860
49.100000,0.250049,0.599859
49.200000,0.253981,0.599859
49.200000,0.257478,0.599859
49.200000,0.260537,0.599858
49.200000,0.263816,0.599858
49.200000,0.244999,0.599861
49.200000,0.248275,0.599861
49.200000,0.250897,0.599861
49.300000,0.255267,0.599861
49.300000,0.259201,0.599861
49.300000,0.262917,0.599861
49.300000,0.266852,0.599860
49.300000,0.269695,0.599860
49.300000,0.273413,0.599860
49.400000,0.276257,0.599860
49.400000,0.279976,0.599860
49.400000,0.251735,0.599864
49.400000,0.255013,0.599864
49.400000,0.251946,0.599864
49.400000,0.255225,0.599864
49.400000,0.258941,0.599863
49.500000,0.261564,0.599863
49.500000,0.264625,0.599863
49.500000,0.246676,0.599865
49.500000,0.249517,0.599865
49.500000,0.252795,0.599865
49.500000,0.255637,0.599864
49.600000,0.244911,0.599866
49.600000,0.248407,0.599865
49.600000,0.250593,0.599865
49.600000,0.254090,0.599865
49.600000,0.256276,0.599865
49.600000,0.244675,0.599867
49.600000,0.248172,0.599867
49.700000,0.244448,0.599868
49.700000,0.248163,0.599867
49.700000,0.250786,0.599867
49.700000,0.254065,0.599866
49.700000,0.257126,0.599866
49.700000,0.245305,0.599868
49.700000,0.249021,0.599868
49.800000,0.245297,0.599868
49.800000,0.248794,0.599868
49.800000,0.252729,0.599867
49.800000,0.256009,0.599867
49.800000,0.251627,0.599868
49.800000,0.255126,0.599868
49.900000,0.258187,0.599868
49.900000,0.261905,0.599867
49.900000,0.265405,0.599867
49.900000,0.269125,0.599867
49.900000,0.272626,0.599866
49.900000,0.245692,0.599868
49.900000,0.248752,0.599868
50.000000,0.245248,0.599869
50.000000,0.248527,0.599868
50.000000,0.250056,0.599868
50.000000,0.253117,0.599868
50.000000,0.256398,0.599867
50.000000,0.259679,0.599867
50.000000,0.263835,0.599866
50.100000,0.266898,0.599866
50.100000,0.270181,0.599865
50.100000,0.273682,0.599865
50.100000,0.277403,0.599865
50.100000,0.243238,0.599869
50.100000,0.241046,0.599869
50.100000,0.243013,0.599869
50.200000,0.244104,0.599869
50.200000,0.248039,0.599868
50.200000,0.244096,0.599869
50.200000,0.248031,0.599868
50.200000,0.252187,0.599868
50.200000,0.240581,0.599868
50.300000,0.244517,0.599868
50.300000,0.248015,0.599868
50.300000,0.244290,0.599869
50.300000,0.246258,0.599869
50.300000,0.251289,0.621374
50.300000,0.254352,0.662954
50.400000,0.245811,0.730644
50.400000,0.245590,0.785206
50.400000,0.249965,0.862942
50.400000,0.253683,0.908530
50.400000,0.256746,0.943141
50.400000,0.238786,1.028302
50.500000,0.242503,1.141279
50.500000,0.245784,1.256679
50.500000,0.249283,1.374852
50.500000,0.253218,1.485517
50.500000,0.242260,1.574122
50.500000,0.245318,1.637942
50.600000,0.245091,1.711471
50.600000,0.245081,1.813188
50.600000,0.248576,1.913535
50.600000,0.244187,2.003249
50.600000,0.247899,2.107812
50.600000,0.243726,2.193605
50.700000,0.247219,2.280796
50.700000,0.242608,2.361558
50.700000,0.246319,2.498365
50.700000,0.249812,2.655940
50.700000,0.253524,2.833437
50.700000,0.257016,2.990034
50.700000,0.260507,3.127851
50.800000,0.263344,3.232663
50.800000,0.248204,3.340192
50.800000,0.251911,3.525125
50.800000,0.250578,3.716686
50.800000,0.254501,3.958466
50.800000,0.243949,4.210032
50.900000,0.247649,4.399564
50.900000,0.243674,4.565414
50.900000,0.247589,4.753619
50.900000,0.244046,4.955129
50.900000,0.247742,5.160037
50.900000,0.251221,5.377844
51.000000,0.254699,5.620953
51.000000,0.257524,5.827584
51.000000,0.261218,6.093530
51.000000,0.264258,6.300278
51.000000,0.267297,6.495236
51.000000,0.270553,6.701604
51.000000,0.273808,6.930350
51.100000,0.277497,7.227981
51.100000,0.243847,7.552319
51.100000,0.247094,7.838956
51.100000,0.250339,8.110664
51.100000,0.246762,8.412707
51.100000,0.249786,8.636981
51.200000,0.253026,8.878155
51.200000,0.256265,9.128278
51.200000,0.250252,9.553853
51.200000,0.254567,9.910535
51.200000,0.257802,10.177688
51.200000,0.247834,10.473717
51.300000,0.244019,10.762147
51.300000,0.248108,11.080879
51.300000,0.244071,11.299084
51.300000,0.247297,11.556603
51.300000,0.244113,11.758238
51.300000,0.247335,12.019488
51.400000,0.243289,12.186149
51.400000,0.246723,12.460604
51.400000,0.249281,12.705917
51.400000,0.252069,12.927538
51.400000,0.248034,13.040646
51.400000,0.243976,13.071759
51.400000,0.246762,13.296007
51.500000,0.243344,13.399999
51.500000,0.246984,13.692934
51.500000,0.241639,13.704353
51.500000,0.244849,13.961649
51.500000,0.247844,14.201578
51.500000,0.251266,14.476249
51.500000,0.239079,14.293254
51.600000,0.241858,14.542769
51.600000,0.244417,14.805360
51.600000,0.247835,15.151304
51.600000,0.251038,15.475398
51.600000,0.252959,15.664335
51.600000,0.256798,16.025694
51.600000,0.237108,15.505314
51.700000,0.240946,15.879653
51.700000,0.244569,16.273067
51.700000,0.240062,16.307639
51.700000,0.243467,16.705250
51.700000,0.239169,16.753922
51.700000,0.237028,16.834535
51.800000,0.240214,17.161596
51.800000,0.243145,17.514166
51.800000,0.239473,17.501694
51.800000,0.242865,17.877806
51.800000,0.246680,18.329046
51.800000,0.249433,18.674824
51.900000,0.238478,18.456991
51.900000,0.242495,18.966898
51.900000,0.245874,19.379475
51.900000,0.249039,19.756373
51.900000,0.237222,19.147839
51.900000,0.234876,19.209035
52.000000,0.238247,19.688033
52.000000,0.239422,20.019505
52.000000,0.242576,20.472855
52.000000,0.246355,20.993513
52.000000,0.249919,21.465174
52.000000,0.253270,21.904497
52.100000,0.234148,20.595278
52.100000,0.237708,21.117472
52.100000,0.241053,21.645663
52.100000,0.243976,22.119466
52.100000,0.247312,22.653860
52.100000,0.250643,23.185542
52.200000,0.234573,22.248298
52.200000,0.235658,22.685291
52.200000,0.238977,23.246130
52.200000,0.234801,23.223251
52.200000,0.237077,23.603899
52.200000,0.232687,23.544642
52.200000,0.235578,24.020681
52.300000,0.230768,23.873907
52.300000,0.233859,24.385888
52.300000,0.237562,25.005024
52.300000,0.232334,24.795750
52.300000,0.235618,25.349428
52.300000,0.231207,25.286447
52.300000,0.234688,25.870756
52.400000,0.234217,26.127680
52.400000,0.237280,26.641202
52.400000,0.235784,26.727085
52.400000,0.240062,27.448855
52.400000,0.243113,27.965483
52.400000,0.231207,27.310536
52.500000,0.234255,27.826744
52.500000,0.230431,27.862326
52.500000,0.233067,28.308563
52.500000,0.235902,28.789070
52.500000,0.239339,29.372900
52.500000,0.242770,29.957326
52.500000,0.245985,30.509545
52.600000,0.248783,30.998730
52.600000,0.232788,29.680505
52.600000,0.235975,30.259968
52.600000,0.233757,30.277421
52.600000,0.236731,30.833281
52.600000,0.240492,31.534201
52.700000,0.244248,32.225451
52.700000,0.248004,32.907951
52.700000,0.228203,31.031956
52.700000,0.232558,31.819821
52.700000,0.228257,31.651973
52.700000,0.231415,32.231228
52.800000,0.233783,32.665936
52.800000,0.236938,33.244132
52.800000,0.230073,32.683385
52.800000,0.228746,32.830395
52.800000,0.232308,33.459915
52.800000,0.236074,34.118025
52.900000,0.239241,34.666422
52.900000,0.242403,35.211791
52.900000,0.222846,32.984804
52.900000,0.226218,33.567569
52.900000,0.228992,34.050121
52.900000,0.231960,34.568687
52.900000,0.234922,35.087420
53.000000,0.222793,33.544247
53.000000,0.225948,34.101406
53.000000,0.227999,34.526052
53.000000,0.230743,35.022342
53.000000,0.227141,34.722201
53.000000,0.229678,35.189774
53.000000,0.217517,33.536612
53.100000,0.220048,34.013919
53.100000,0.223184,34.603521
53.100000,0.226114,35.150239
53.100000,0.229645,35.791032
53.100000,0.232002,36.206759
53.100000,0.234359,36.614367
53.100000,0.237498,37.150881
53.200000,0.241220,37.790280
53.200000,0.244154,38.303382
53.200000,0.224409,35.262010
53.200000,0.227359,35.785661
53.200000,0.230108,36.273697
53.200000,0.222577,34.398346
53.300000,0.226122,35.015585
53.300000,0.228876,35.492897
53.300000,0.231627,35.970310
53.300000,0.234179,36.415320
53.300000,0.237120,36.931495
53.300000,0.240446,37.519193
53.300000,0.243756,38.104820
53.400000,0.247037,38.671004
53.400000,0.249736,39.124216
53.400000,0.225227,33.822594
53.400000,0.228923,34.446640
53.400000,0.232802,35.117332
53.400000,0.235892,35.653356
53.500000,0.223492,33.735511
53.500000,0.226795,34.250775
53.500000,0.230104,34.743051
53.500000,0.233811,35.286016
53.500000,0.222314,33.394474
53.500000,0.225265,33.829221
53.600000,0.222360,33.266704
53.600000,0.225313,33.698880
53.600000,0.226553,33.840929
53.600000,0.229308,34.239683
53.600000,0.233241,34.809174
53.600000,0.235993,35.209413
53.700000,0.239329,35.698098
53.700000,0.241876,36.073776
53.700000,0.244611,36.480514
53.700000,0.246567,36.772902
53.700000,0.250267,37.332697
53.700000,0.253379,37.807987
53.700000,0.256676,38.315336
53.800000,0.217498,31.794506
53.800000,0.220429,32.216411
53.800000,0.220996,32.225118
53.800000,0.224133,32.643056
53.800000,0.227465,33.081370
53.800000,0.230806,33.500269
53.900000,0.233963,33.870798
53.900000,0.236925,34.202731
53.900000,0.240088,34.551580
53.900000,0.242855,34.861450
53.900000,0.246216,35.249435
53.900000,0.249380,35.624341
53.900000,0.252543,36.001915
54.000000,0.254321,36.212780
54.000000,0.257681,36.605373
54.000000,0.260841,36.964583
54.000000,0.263804,37.277900
54.000000,0.267162,37.604234
54.000000,0.270324,37.898556
54.100000,0.273683,38.216286
54.100000,0.277636,38.584274
54.100000,0.280995,38.878671
54.100000,0.209737,27.223244
54.100000,0.212558,27.454287
54.100000,0.207879,26.521380
54.100000,0.210910,26.782656
54.200000,0.211239,26.582618
54.200000,0.214478,26.871546
54.200000,0.213725,26.502345
54.200000,0.217780,26.799712
54.200000,0.206227,24.691911
54.300000,0.209695,24.904532
54.300000,0.212962,25.104361
54.300000,0.215823,25.271319
54.300000,0.219097,25.451397
54.300000,0.207435,23.309252
54.300000,0.210927,23.494219
54.300000,0.214011,23.663043
54.400000,0.217098,23.837721
54.400000,0.219982,24.003704
54.400000,0.223074,24.181226
54.400000,0.226788,24.390298
54.400000,0.229885,24.560754
54.400000,0.203286,20.406551
54.500000,0.206600,20.587062
54.500000,0.210955,20.828645
54.500000,0.215095,21.062159
54.500000,0.217991,21.211921
54.500000,0.221933,21.382031
54.500000,0.225476,21.511054
54.600000,0.229021,21.636952
54.600000,0.232151,21.756775
54.600000,0.235910,21.914158
54.600000,0.238626,22.022085
54.600000,0.242181,22.133989
54.600000,0.200544,16.330112
54.700000,0.204742,16.408652
54.700000,0.207895,16.476983
54.700000,0.212104,16.593560
54.700000,0.215476,16.701222
54.700000,0.218428,16.795942
54.700000,0.222016,16.902050
54.800000,0.225184,16.985339
54.800000,0.228989,17.077835
54.800000,0.232585,17.166096
54.800000,0.235550,17.243787
54.800000,0.200810,12.824974
54.800000,0.204411,12.928551
54.900000,0.200520,12.274998
54.900000,0.204762,12.386758
54.900000,0.208370,12.449676
54.900000,0.211983,12.480307
54.900000,0.200609,10.912878
54.900000,0.203799,10.933473
55.000000,0.199515,10.255301
55.000000,0.202489,10.240323
55.000000,0.206752,10.230941
55.000000,0.209954,10.218699
55.000000,0.213586,10.209273
55.000000,0.216580,10.208501
55.100000,0.220433,10.215105
55.100000,0.224290,10.223725
55.100000,0.227077,10.227273
55.100000,0.230511,10.227132
55.100000,0.233945,10.214073
55.100000,0.199152,7.169494
55.100000,0.202368,7.113479
55.200000,0.205373,7.050422
55.200000,0.209025,6.978005
55.200000,0.212466,6.925855
55.200000,0.215049,6.897338
55.200000,0.219140,6.847385
55.200000,0.222373,6.777476
55.300000,0.225609,6.677390
55.300000,0.229279,6.545554
55.300000,0.232736,6.427013
55.300000,0.235980,6.333694
55.300000,0.239227,6.257516
55.300000,0.243776,6.162162
55.300000,0.246810,6.093205
55.400000,0.200481,3.153515
55.400000,0.203725,3.058798
55.400000,0.208054,2.930685
55.400000,0.210871,2.851756
55.400000,0.214773,2.750293
55.400000,0.201426,1.704212
55.500000,0.197832,1.224659
55.500000,0.201533,1.129485
55.500000,0.204799,1.041717
55.500000,0.208067,0.951669
55.500000,0.210900,0.864072
55.500000,0.214170,0.741330
55.600000,0.217224,0.607841
55.600000,0.201636,0.341393
55.600000,0.204477,0.469495
55.600000,0.205347,0.724298
55.600000,0.208627,0.846451
55.600000,0.211908,0.976927
55.600000,0.215409,1.146887
55.700000,0.219129,1.361522
55.700000,0.222851,1.589920
55.700000,0.226794,1.819568
55.700000,0.230519,2.013491
55.700000,0.234026,2.181109
55.700000,0.237753,2.357508
55.800000,0.240823,2.510163
55.800000,0.243893,2.671904
55.800000,0.247622,2.876697
55.800000,0.251791,3.106269
55.800000,0.255082,3.281963
55.800000,0.258594,3.462931
55.900000,0.261886,3.629229
55.900000,0.264521,3.762438
55.900000,0.267374,3.908734
55.900000,0.270668,4.080883
55.900000,0.199716,5.798563
55.900000,0.202786,5.962338
55.900000,0.206733,6.171262
56.000000,0.209804,6.331700
56.000000,0.202890,6.491068
56.000000,0.201621,6.640413
56.000000,0.205789,6.856841
56.000000,0.209738,7.063641
56.000000,0.214346,7.306012
56.100000,0.217638,7.478900
56.100000,0.221370,7.674017
56.100000,0.225102,7.868365
56.100000,0.228175,8.028248
56.100000,0.231469,8.199750
56.100000,0.233884,8.325760
56.200000,0.237837,8.532430
56.200000,0.240912,8.693350
56.200000,0.205443,8.521102
56.200000,0.208515,8.681704
56.200000,0.212027,8.865018
56.200000,0.203234,8.754094
56.200000,0.206966,8.948840
56.300000,0.210697,9.143763
56.300000,0.199538,8.945426
56.300000,0.203050,9.129017
56.300000,0.206781,9.324019
56.300000,0.211171,9.553348
56.400000,0.216221,9.816961
56.400000,0.220393,10.034801
56.400000,0.224126,10.229752
56.400000,0.227200,10.390333
56.400000,0.230055,10.539443
56.400000,0.234228,10.757342
56.500000,0.200684,9.937461
56.500000,0.205513,10.189672
56.500000,0.209245,10.384553
56.500000,0.212977,10.579494
56.500000,0.215831,10.728577
56.500000,0.218905,10.889148
56.600000,0.200283,10.167795
56.600000,0.204453,10.385649
56.600000,0.207307,10.534702
56.600000,0.211039,10.729618
56.600000,0.214333,10.901608
56.600000,0.217407,11.062137
56.600000,0.220920,11.245600
56.700000,0.224434,11.429079
56.700000,0.227728,11.601096
56.700000,0.201822,10.243035
56.700000,0.205334,10.426504
56.700000,0.208627,10.598496
56.700000,0.212140,10.781948
56.800000,0.201048,10.171994
56.800000,0.204121,10.332548
56.800000,0.206761,10.469962
56.800000,0.210713,10.676376
56.800000,0.213128,10.802515
56.800000,0.202259,10.230141
56.800000,0.205332,10.390664
56.900000,0.201105,10.157778
56.900000,0.203959,10.306841
56.900000,0.207471,10.490292
56.900000,0.210984,10.673763
56.900000,0.214278,10.845775
56.900000,0.217571,11.017760
56.900000,0.221524,11.224144
57.000000,0.224599,11.384677
57.000000,0.228552,11.591051
57.000000,0.231846,11.763042
57.000000,0.235580,11.957966
57.000000,0.238435,12.107029
57.000000,0.243047,12.347838
57.100000,0.246341,12.519836
57.100000,0.249855,12.702871
57.100000,0.253589,12.880840
57.100000,0.257543,13.033974
57.100000,0.261279,13.155046
57.100000,0.265014,13.275107
57.200000,0.205362,10.020909
57.200000,0.206735,10.053699
57.200000,0.210030,10.182370
57.200000,0.213764,10.294452
57.200000,0.216402,10.351352
57.200000,0.219699,10.408677
57.300000,0.222996,10.467890
57.300000,0.204366,9.372497
57.300000,0.207880,9.470842
57.300000,0.212052,9.601137
57.300000,0.215127,9.693342
57.300000,0.204240,8.993838
57.300000,0.207315,9.025730
57.400000,0.206094,8.796788
57.400000,0.206594,8.657325
57.400000,0.209889,8.682107
57.400000,0.212305,8.713715
57.400000,0.215600,8.769818
57.400000,0.204260,8.035695
57.500000,0.208432,8.047635
57.500000,0.204627,7.632125
57.500000,0.208140,7.596884
57.500000,0.211654,7.574361
57.500000,0.215386,7.574913
57.500000,0.218679,7.591115
57.500000,0.221972,7.610192
57.600000,0.225486,7.622191
57.600000,0.210228,6.647196
57.600000,0.213299,6.639006
57.600000,0.212272,6.434865
57.600000,0.215124,6.426844
57.600000,0.203958,5.643734
57.700000,0.207465,5.647491
57.700000,0.203192,5.263810
57.700000,0.207136,5.270195
57.700000,0.211080,5.271281
57.700000,0.215025,5.267734
57.700000,0.218094,5.264139
57.700000,0.221382,5.261628
57.800000,0.225329,5.261644
57.800000,0.210427,4.334290
57.800000,0.213493,4.336421
57.800000,0.212676,4.097400
57.800000,0.216400,4.097482
57.800000,0.219685,4.096421
57.900000,0.223629,4.094875
57.900000,0.226696,4.094198
57.900000,0.207642,2.924664
57.900000,0.210924,2.925275
57.900000,0.207701,2.536396
57.900000,0.210983,2.536789
57.900000,0.214046,2.536731
58.000000,0.217110,2.536380
58.000000,0.220394,2.535928
58.000000,0.224334,2.535617
58.000000,0.226743,2.535622
58.000000,0.229589,2.535783
58.000000,0.233093,2.536068
58.100000,0.236379,2.536266
58.100000,0.240322,2.536297
58.100000,0.244265,2.536145
58.100000,0.247552,2.535989
58.100000,0.250839,2.535894
58.100000,0.254345,2.535897
58.100000,0.256976,2.535955
58.200000,0.260264,2.536045
58.200000,0.263113,2.536102
58.200000,0.267279,2.536112
58.200000,0.271226,2.536054
58.200000,0.275173,2.535986
58.200000,0.278682,2.535956
58.300000,0.281752,2.535958
58.300000,0.284603,2.535978
58.300000,0.287893,2.536005
58.300000,0.290745,2.536018
58.300000,0.293816,2.536016
58.300000,0.298204,2.535989
58.300000,0.205090,0.568689
58.400000,0.208369,0.568706
58.400000,0.210993,0.568711
58.400000,0.214711,0.568708
58.400000,0.219524,0.568702
58.400000,0.223025,0.568705
58.400000,0.205065,0.567966
58.500000,0.208126,0.567978
58.500000,0.211188,0.567989
58.500000,0.206152,0.605559
58.500000,0.209651,0.605565
58.500000,0.205270,0.615459
58.500000,0.209425,0.615464
58.600000,0.205918,0.594316
58.600000,0.209198,0.594325
58.600000,0.210947,0.592284
58.600000,0.214010,0.592293
58.600000,0.216635,0.592299
58.600000,0.204590,0.605326
58.600000,0.206777,0.605330
58.600000,0.202396,0.602022
58.700000,0.205457,0.602027
58.700000,0.209394,0.602036
58.700000,0.205230,0.595842
58.700000,0.209386,0.595853
58.700000,0.205879,0.599242
58.700000,0.203248,0.601301
58.800000,0.204559,0.601840
58.800000,0.208277,0.601849
58.800000,0.204551,0.599351
58.800000,0.208051,0.599360
58.800000,0.204762,0.598574
58.800000,0.200380,0.600173
58.900000,0.204317,0.600184
58.900000,0.208036,0.600194
58.900000,0.204746,0.600247
58.900000,0.208465,0.600256
58.900000,0.204739,0.599379
58.900000,0.209771,0.599392
59.000000,0.213710,0.599403
59.000000,0.217431,0.599412
59.000000,0.206255,0.600064
59.000000,0.202747,0.599845
59.000000,0.205372,0.599851
59.000000,0.208873,0.599860
59.100000,0.211718,0.599867
59.100000,0.201201,0.599847
59.100000,0.204920,0.599856
59.100000,0.207983,0.599862
59.100000,0.212142,0.599871
59.100000,0.216082,0.599880
59.200000,0.219366,0.599888
59.200000,0.223308,0.599898
59.200000,0.204679,0.599821
59.200000,0.209712,0.599833
59.200000,0.212996,0.599841
59.300000,0.216937,0.599851
59.300000,0.220878,0.599861
59.300000,0.202468,0.599852
59.300000,0.199178,0.599864
59.300000,0.202680,0.599872
59.300000,0.206181,0.599881
59.400000,0.206178,0.599890
59.400000,0.205736,0.599898
59.400000,0.200695,0.599878
59.400000,0.204416,0.599887
59.400000,0.199594,0.599873
59.400000,0.203314,0.599882
59.400000,0.207254,0.599891
59.500000,0.212290,0.599903
59.500000,0.216450,0.599912
59.500000,0.204832,0.599897
59.500000,0.200447,0.599884
59.500000,0.203730,0.599891
59.600000,0.204822,0.599893
59.600000,0.208106,0.599900
59.600000,0.207445,0.599898
59.600000,0.203278,0.599890
59.600000,0.199330,0.599877
59.600000,0.203709,0.599886
59.700000,0.208307,0.599896
59.700000,0.211810,0.599903
59.700000,0.215753,0.599910
59.700000,0.203475,0.599878
59.700000,0.199309,0.599864
59.700000,0.201717,0.599869
59.700000,0.204782,0.599875
59.800000,0.206094,0.599877
59.800000,0.210036,0.599885
59.800000,0.213541,0.599892
59.800000,0.204320,0.600067
59.800000,0.208919,0.600075
59.800000,0.211985,0.600080
59.900000,0.200574,0.600222
59.900000,0.204297,0.600228
59.900000,0.206925,0.600233
59.900000,0.202096,0.600281
59.900000,0.205162,0.600286
59.900000,0.210419,0.600295
60.000000,0.205807,0.600331
60.000000,0.209750,0.600337
60.000000,0.206239,0.600324
60.000000,0.208649,0.600328
60.000000,0.211935,0.600333
60.000000,0.215660,0.600339
60.100000,0.220262,0.600346
60.100000,0.223988,0.600351
60.100000,0.227056,0.600355
60.100000,0.230564,0.600359
60.100000,0.233633,0.600363
60.100000,0.238018,0.600370
60.200000,0.242185,0.600376
60.200000,0.246790,0.600382
60.200000,0.250519,0.600387
60.200000,0.254248,0.600392
60.200000,0.257978,0.600396
60.200000,0.262365,0.600402
60.300000,0.199388,0.600245
60.300000,0.202674,0.600249
60.300000,0.198724,0.600236
60.300000,0.202886,0.600240
60.300000,0.206173,0.600243
60.300000,0.209679,0.600247
60.400000,0.212089,0.600250
60.400000,0.216692,0.600256
60.400000,0.219761,0.600260
60.400000,0.223269,0.600264
60.400000,0.225461,0.600266
60.400000,0.198916,0.600202
60.400000,0.201983,0.600205
60.500000,0.205489,0.600209
60.500000,0.208338,0.600212
60.500000,0.212722,0.600216
60.500000,0.215352,0.600218
60.500000,0.219737,0.600221
60.500000,0.224780,0.600225
60.600000,0.227850,0.600227
60.600000,0.232017,0.600230
60.600000,0.234868,0.600232
60.600000,0.237939,0.600235
60.600000,0.241449,0.600237
60.600000,0.244081,0.600239
60.700000,0.249347,0.600243
60.700000,0.253955,0.600247
60.700000,0.257247,0.600250
60.700000,0.260758,0.600253
60.700000,0.263611,0.600255
60.700000,0.267781,0.600259
60.800000,0.272610,0.600262
60.800000,0.277440,0.600265
60.800000,0.199283,0.600111
60.800000,0.202352,0.600113
60.800000,0.205859,0.600116
60.800000,0.208051,0.600117
60.900000,0.212436,0.600120
60.900000,0.216164,0.600122
60.900000,0.220550,0.600124
60.900000,0.223401,0.600126
60.900000,0.226691,0.600128
60.900000,0.229324,0.600129
61.000000,0.233273,0.600131
61.000000,0.237003,0.600132
61.000000,0.240294,0.600133
61.000000,0.198369,0.600066
61.000000,0.201876,0.600067
61.000000,0.204727,0.600067
61.100000,0.208016,0.600068
61.100000,0.211744,0.600070
61.100000,0.215691,0.600072
61.100000,0.218981,0.600073
61.100000,0.222710,0.600075
61.100000,0.226001,0.600076
61.100000,0.229072,0.600077
61.200000,0.232583,0.600079
61.200000,0.200092,0.600030
61.200000,0.203601,0.600032
61.200000,0.207767,0.600033
61.200000,0.210618,0.600034
61.300000,0.214567,0.600035
61.300000,0.217418,0.600036
61.300000,0.199636,0.600012
61.300000,0.203145,0.600012
61.300000,0.199192,0.600005
61.300000,0.203139,0.600006
61.300000,0.206209,0.600007
61.400000,0.209719,0.600008
61.400000,0.213009,0.600009
61.400000,0.201593,0.599993
61.400000,0.205102,0.599993
61.400000,0.208611,0.599993
61.400000,0.204657,0.599987
61.500000,0.208167,0.599987
61.500000,0.203994,0.599982
61.500000,0.207503,0.599983
61.500000,0.203550,0.599977
61.500000,0.207937,0.599977
61.500000,0.203763,0.599971
61.600000,0.207054,0.599971
61.600000,0.211222,0.599972
61.600000,0.214952,0.599973
61.600000,0.218243,0.599973
61.600000,0.221315,0.599973
61.600000,0.202650,0.599956
61.700000,0.205941,0.599956
61.700000,0.210109,0.599957
61.700000,0.214498,0.599957
61.700000,0.217789,0.599957
61.700000,0.221300,0.599957
61.700000,0.202853,0.599941
61.800000,0.205925,0.599941
61.800000,0.209216,0.599941
61.800000,0.212727,0.599941
61.800000,0.216238,0.599942
61.800000,0.219749,0.599942
61.800000,0.223481,0.599943
61.900000,0.227651,0.599943
61.900000,0.231822,0.599943
61.900000,0.235115,0.599943
61.900000,0.208318,0.599924
61.900000,0.211609,0.599923
61.900000,0.208313,0.599919
62.000000,0.212043,0.599918
62.000000,0.208527,0.599916
62.000000,0.212258,0.599915
62.000000,0.215330,0.599914
62.000000,0.217525,0.599913
62.000000,0.206542,0.599908
62.000000,0.210053,0.599907
62.100000,0.206537,0.599905
62.100000,0.209390,0.599905
62.100000,0.212682,0.599905
62.100000,0.215536,0.599905
62.100000,0.218170,0.599905
62.100000,0.222121,0.599905
62.200000,0.204328,0.599896
62.200000,0.207620,0.599896
62.200000,0.210253,0.599895
62.200000,0.213546,0.599894
62.200000,0.218375,0.599894
62.200000,0.222108,0.599893
62.300000,0.225840,0.599893
62.300000,0.229573,0.599892
62.300000,0.234184,0.599891
62.300000,0.237039,0.599891
62.300000,0.240992,0.599890
62.300000,0.244286,0.599890
62.400000,0.247800,0.604666
62.400000,0.208252,0.633737
62.400000,0.211107,0.678464
62.400000,0.211985,0.730700
62.400000,0.215719,0.807045
62.400000,0.204515,0.883206
62.400000,0.208248,0.972498
62.500000,0.204733,1.083137
62.500000,0.208905,1.207224
62.500000,0.212419,1.307408
62.500000,0.216151,1.404953
62.500000,0.204944,1.495672
62.600000,0.208894,1.590960
62.600000,0.211748,1.662634
62.600000,0.215259,1.755200
62.600000,0.218771,1.850904
62.600000,0.222063,1.940785
62.600000,0.225136,2.022984
62.600000,0.228867,2.119922
62.700000,0.202710,2.214850
62.700000,0.206000,2.298637
62.700000,0.209070,2.377897
62.700000,0.212360,2.464214
62.700000,0.216747,2.580624
62.700000,0.205749,2.685177
62.800000,0.208161,2.748523
62.800000,0.207932,2.845572
62.800000,0.211001,2.925077
62.800000,0.210773,3.010338
62.800000,0.214061,3.096017
62.800000,0.217568,3.187940
62.800000,0.221076,3.280170
62.900000,0.225241,3.389583
62.900000,0.206761,3.492854
62.900000,0.209829,3.572921
62.900000,0.212239,3.635773
62.900000,0.216841,3.755847
62.900000,0.221005,3.864770
63.000000,0.224511,3.956641
63.000000,0.208889,4.025576
63.000000,0.211737,4.100200
63.000000,0.211283,4.197667
63.000000,0.213473,4.254961
63.000000,0.216540,4.335124
63.000000,0.205309,4.432480
63.100000,0.209252,4.535652
63.100000,0.212319,4.615938
63.100000,0.208126,4.701976
63.100000,0.211411,4.788006
63.100000,0.206780,4.862544
63.100000,0.210284,4.954253
63.200000,0.206091,5.040204
63.200000,0.209814,5.137628
63.200000,0.212223,5.200677
63.200000,0.215508,5.286679
63.200000,0.218574,5.366953
63.200000,0.221641,5.447220
63.200000,0.200735,5.487344
63.200000,0.204896,5.596283
63.300000,0.207086,5.653594
63.300000,0.211247,5.762517
63.300000,0.213875,5.831309
63.300000,0.217818,5.934490
63.300000,0.220227,5.997552
63.300000,0.201723,5.902219
63.400000,0.205666,6.005425
63.400000,0.209170,6.097144
63.400000,0.212894,6.194598
63.400000,0.216398,6.286323
63.400000,0.204931,6.001781
63.400000,0.208217,6.087771
63.500000,0.213036,6.213893
63.500000,0.216979,6.321030
63.500000,0.220485,6.440036
63.500000,0.223991,6.587395
63.500000,0.228155,6.781466
63.500000,0.202593,6.193320
63.600000,0.205879,6.323274
63.600000,0.210261,6.487323
63.600000,0.213109,6.612769
63.600000,0.216177,6.773812
63.600000,0.204492,6.583844
63.600000,0.207559,6.772249
63.700000,0.203796,6.793275
63.700000,0.206643,6.944001
63.700000,0.209489,7.083298
63.700000,0.212773,7.237936
63.700000,0.216932,7.439659
63.700000,0.220872,7.645479
63.700000,0.201699,7.234488
63.800000,0.204763,7.404496
63.800000,0.208263,7.601181
63.800000,0.203840,7.566273
63.800000,0.207121,7.734066
63.800000,0.203355,7.740810
63.800000,0.198932,7.738672
63.900000,0.202433,7.985396
63.900000,0.206589,8.292489
63.900000,0.201947,8.306505
63.900000,0.205227,8.553769
63.900000,0.208506,8.811327
63.900000,0.203863,8.846067
63.900000,0.201851,9.024937
64.000000,0.204462,9.306639
64.000000,0.208392,9.614283
64.000000,0.203309,9.604761
64.000000,0.199971,9.729588
64.000000,0.203681,10.019404
64.100000,0.208479,10.400522
64.100000,0.211967,10.679349
64.100000,0.215454,10.956893
64.100000,0.219157,11.249220
64.100000,0.200199,10.937896
64.100000,0.203684,11.211017
64.200000,0.201885,11.358920
64.200000,0.205369,11.634402
64.200000,0.207307,11.894719
64.200000,0.211007,12.208720
64.200000,0.213401,12.429134
64.200000,0.217316,12.812222
64.200000,0.220794,13.158877
64.300000,0.222967,13.370704
64.300000,0.203150,13.031701
64.300000,0.207061,13.385253
64.300000,0.210103,13.667439
64.300000,0.214446,14.113547
64.300000,0.218570,14.578243
64.400000,0.221606,14.926633
64.400000,0.216177,15.072195
64.400000,0.216575,15.337746
64.400000,0.219826,15.666218
64.400000,0.222858,15.971602
64.400000,0.211833,15.931694
64.500000,0.215515,16.325082
64.500000,0.219194,16.725807
64.500000,0.223303,17.171663
64.500000,0.226544,17.517334
64.500000,0.230431,17.925421
64.500000,0.233453,18.250071
64.600000,0.237336,18.701295
64.600000,0.240138,19.050479
64.600000,0.217087,18.212322
64.600000,0.219892,18.570299
64.600000,0.219841,18.866630
64.600000,0.222859,19.263887
64.600000,0.226735,19.786656
64.700000,0.229747,20.197433
64.700000,0.232756,20.606456
64.700000,0.235762,21.010639
64.700000,0.240480,21.636236
64.700000,0.245190,22.258683
64.700000,0.248184,22.657544
64.800000,0.252243,23.203556
64.800000,0.255656,23.665740
64.800000,0.219573,22.026229
64.800000,0.222785,22.456971
64.800000,0.226422,22.942907
64.800000,0.217430,22.574224
64.900000,0.214505,22.616221
64.900000,0.218784,23.189746
64.900000,0.214575,23.020490
64.900000,0.217568,23.422735
64.900000,0.213360,23.257514
64.900000,0.217419,23.801699
65.000000,0.219980,24.145097
65.000000,0.224882,24.803448
65.000000,0.228265,25.265431
65.000000,0.221862,24.949148
65.000000,0.225655,25.497399
65.000000,0.215993,24.946082
65.100000,0.211550,24.795190
65.100000,0.214500,25.224745
65.100000,0.217659,25.679118
65.100000,0.214064,25.637845
65.100000,0.217227,26.085988
65.100000,0.213435,26.008547
65.100000,0.216176,26.397961
65.200000,0.212596,26.299535
65.200000,0.215335,26.690642
65.200000,0.219340,27.261800
65.200000,0.222495,27.711732
65.200000,0.226064,28.220578
65.200000,0.214926,27.305035
65.300000,0.211362,27.136951
65.300000,0.214958,27.641304
65.300000,0.211840,27.396094
65.300000,0.215448,27.880989
65.300000,0.211702,27.551142
65.400000,0.215098,28.001828
65.400000,0.211358,27.740506
65.400000,0.214966,28.230383
65.400000,0.217934,28.635930
65.400000,0.221536,29.127295
65.400000,0.224498,29.529406
65.400000,0.212171,28.271233
65.500000,0.215354,28.698440
65.500000,0.218958,29.182670
65.500000,0.222770,29.697373
65.500000,0.227000,30.271752
65.500000,0.230380,30.731827
65.500000,0.234389,31.277274
65.600000,0.209399,28.364858
65.600000,0.212798,28.822277
65.600000,0.215554,29.203013
65.600000,0.219795,29.775465
65.600000,0.209187,28.344359
65.600000,0.211951,28.717151
65.700000,0.207598,28.155196
65.700000,0.210576,28.556262
65.700000,0.213976,29.014367
65.700000,0.217373,29.472252
65.700000,0.220767,29.930209
65.700000,0.223945,30.359726
65.800000,0.206259,28.005706
65.800000,0.209239,28.406795
65.800000,0.211792,28.750577
65.800000,0.213906,29.036688
65.800000,0.216243,29.351736
65.800000,0.204788,27.835404
65.800000,0.209687,28.493971
65.900000,0.205553,27.947286
65.900000,0.209813,28.520183
65.900000,0.212791,28.921274
65.900000,0.216617,29.436995
65.900000,0.205833,28.002599
65.900000,0.208177,28.317734
66.000000,0.211583,28.776099
66.000000,0.209442,28.456965
66.000000,0.210505,28.584591
66.000000,0.213910,29.043037
66.000000,0.216673,29.415515
66.000000,0.220072,29.873963
66.000000,0.223464,30.332448
66.100000,0.204922,27.665933
66.100000,0.208527,28.161275
66.100000,0.211902,28.636293
66.100000,0.215486,29.151766
66.100000,0.203701,27.509376
66.100000,0.207498,28.063411
66.200000,0.211307,28.609451
66.200000,0.210008,28.424025
66.200000,0.210853,28.520642
66.200000,0.214894,29.052135
66.200000,0.218507,29.527026
66.200000,0.221904,29.980816
66.300000,0.203205,27.430823
66.300000,0.207043,27.929719
66.300000,0.210238,28.316414
66.300000,0.212792,28.610214
66.300000,0.215983,28.970455
66.300000,0.204750,27.418038
66.400000,0.208592,27.879818
66.400000,0.207703,27.736608
66.400000,0.211328,28.164517
66.400000,0.210653,27.986221
66.400000,0.206958,27.380752
66.400000,0.211229,27.803021
66.400000,0.214644,28.158120
66.500000,0.218058,28.532584
66.500000,0.221893,28.966051
66.500000,0.225291,29.350336
66.500000,0.206986,26.827466
66.500000,0.210604,27.223379
66.500000,0.213164,27.502795
66.600000,0.216151,27.830105
66.600000,0.219569,28.204287
66.600000,0.223841,28.666713
66.600000,0.227470,29.053837
66.600000,0.209191,26.516747
66.600000,0.213052,26.925389
66.700000,0.216482,27.291701
66.700000,0.220124,27.683651
66.700000,0.224191,28.122358
66.700000,0.227827,28.513224
66.700000,0.230606,28.810794
66.700000,0.234238,29.198860
66.800000,0.207811,25.601115
66.800000,0.211467,25.989937
66.800000,0.213611,26.173814
66.800000,0.216834,26.518513
66.800000,0.219840,26.840212
66.800000,0.210149,25.466090
66.900000,0.214668,25.947138
66.900000,0.218538,26.359044
66.900000,0.206896,24.731532
66.900000,0.210560,25.121147
66.900000,0.213360,25.419319
66.900000,0.217665,25.878222
67.000000,0.206661,24.319955
67.000000,0.209896,24.663860
67.000000,0.212699,24.961797
67.000000,0.214422,25.127922
67.000000,0.217222,25.425837
67.000000,0.221313,25.861269
67.000000,0.211211,24.398082
67.100000,0.214878,24.787778
67.100000,0.218327,25.154506
67.100000,0.221988,25.544030
67.100000,0.225002,25.864679
67.100000,0.228229,26.208289
67.100000,0.231239,26.529059
67.200000,0.233603,26.781124
67.200000,0.237469,27.193719
67.200000,0.240902,27.560474
67.200000,0.244119,27.904338
67.200000,0.246690,28.176880
67.200000,0.249901,28.499323
67.200000,0.253753,28.852649
67.300000,0.258029,29.221214
67.300000,0.261235,29.501745
67.300000,0.264439,29.796591
67.300000,0.267641,30.104931
67.300000,0.270841,30.405953
67.300000,0.272760,30.573636
67.400000,0.204261,21.766546
67.400000,0.207509,21.997031
67.400000,0.210340,22.148882
67.400000,0.214451,22.462137
67.400000,0.217696,22.729688
67.400000,0.221372,23.043258
67.500000,0.203002,20.986414
67.500000,0.206037,21.232363
67.500000,0.210375,21.569521
67.500000,0.205853,20.991803
67.500000,0.201302,20.416190
67.500000,0.204561,20.670254
67.500000,0.208036,20.947664
67.600000,0.206088,20.645977
67.600000,0.207830,20.707723
67.600000,0.203279,20.109622
67.600000,0.206975,20.323052
67.600000,0.201772,19.664737
67.600000,0.205470,19.876040
67.600000,0.208733,20.052861
67.700000,0.212648,20.252691
67.700000,0.201376,18.868182
67.700000,0.204209,19.010310
67.700000,0.200094,18.400611
67.700000,0.204456,18.634680
67.700000,0.203166,18.318998
67.800000,0.205566,18.448354
67.800000,0.206453,18.357469
67.800000,0.202339,17.748403
67.800000,0.206488,17.961813
67.800000,0.209545,18.119307
67.800000,0.212819,18.275952
67.900000,0.216528,18.424774
67.900000,0.219801,18.535378
67.900000,0.223293,18.647726
67.900000,0.203974,16.407706
67.900000,0.200729,15.790818
67.900000,0.204668,15.950750
68.000000,0.205123,15.676346
68.000000,0.208624,15.751006
68.000000,0.208863,15.448593
68.000000,0.205835,14.757523
68.000000,0.208902,14.837584
68.000000,0.213066,14.964287
68.100000,0.216352,15.066738
68.100000,0.221392,15.208081
68.100000,0.203086,12.966482
68.100000,0.206378,13.042292
68.100000,0.210327,13.137345
68.100000,0.213838,13.228982
68.200000,0.216471,13.301337
68.200000,0.219762,13.393195
68.200000,0.223273,13.489371
68.200000,0.205590,11.471387
68.200000,0.201443,10.885068
68.200000,0.205617,10.989890
68.300000,0.208693,11.068809
68.300000,0.203447,10.465852
68.300000,0.206524,10.547498
68.300000,0.203033,10.117030
68.300000,0.206768,10.193395
68.300000,0.211601,10.243083
68.400000,0.214897,10.259969
68.400000,0.210311,9.526968
68.400000,0.208572,9.122253
68.400000,0.205075,8.521324
68.400000,0.201790,7.943107
68.400000,0.205527,7.932770
68.500000,0.208605,7.930468
68.500000,0.205318,7.353389
68.500000,0.209716,7.362107
68.500000,0.206209,6.822152
68.500000,0.202480,6.384675
68.600000,0.205999,6.380580
68.600000,0.209518,6.376948
68.600000,0.213476,6.375757
68.600000,0.216995,6.377272
68.600000,0.219855,6.379264
68.600000,0.223374,6.381254
68.600000,0.204270,5.213047
68.700000,0.207569,5.212308
68.700000,0.211529,5.210677
68.700000,0.215709,5.209486
68.700000,0.219888,5.209547
68.700000,0.223628,5.210339
68.700000,0.227366,5.203148
68.800000,0.231984,5.151775
68.800000,0.235721,5.066343
68.800000,0.240116,4.919605
68.800000,0.242753,4.814652
68.800000,0.246049,4.670298
68.900000,0.249784,4.502648
68.900000,0.252640,4.380630
68.900000,0.255276,4.274756
68.900000,0.258351,4.146144
68.900000,0.262524,3.941794
68.900000,0.266037,3.743106
68.900000,0.270209,3.496213
69.000000,0.216926,0.680386
69.000000,0.221096,0.423797
69.000000,0.224826,0.215782
69.000000,0.228117,0.003756
69.000000,0.231846,0.262710
69.000000,0.234696,0.472170
69.100000,0.216414,1.370743
69.100000,0.220359,1.627290
69.100000,0.224084,1.877041
69.100000,0.227150,2.107339
69.100000,0.231091,2.435385
69.100000,0.234374,2.720479
69.200000,0.237656,2.999168
69.200000,0.240500,3.228266
69.200000,0.244000,3.494815
69.200000,0.217556,4.535853
69.200000,0.220616,4.764376
69.200000,0.216626,5.232764
69.300000,0.220340,5.530848
69.300000,0.224052,5.833534
69.300000,0.226889,6.063162
69.300000,0.231036,6.391632
69.300000,0.234308,6.645652
69.300000,0.215352,7.137499
69.300000,0.218622,7.391718
69.400000,0.216613,7.636911
69.400000,0.220099,7.914387
69.400000,0.221385,8.187716
69.400000,0.224869,8.464932
69.400000,0.228352,8.735236
69.400000,0.232923,9.049793
69.500000,0.237058,9.297322
69.500000,0.240105,9.474074
69.500000,0.243803,9.700258
69.500000,0.216513,9.867250
69.500000,0.219777,10.090946
69.500000,0.215567,10.301032
69.600000,0.219918,10.534917
69.600000,0.224488,10.738269
69.600000,0.228405,10.913659
69.600000,0.231886,11.089199
69.600000,0.234713,11.246046
69.600000,0.238192,11.447862
69.700000,0.242322,11.683409
69.700000,0.215295,11.837684
69.700000,0.219212,12.035110
69.700000,0.222259,12.169824
69.700000,0.224653,12.261021
69.700000,0.212363,12.098873
69.700000,0.215631,12.204519
69.800000,0.218899,12.316701
69.800000,0.218878,12.305435
69.800000,0.218863,12.307892
69.800000,0.221259,12.402920
69.800000,0.224310,12.501220
69.800000,0.212264,11.916849
69.800000,0.215538,11.975060
69.900000,0.211373,11.605751
69.900000,0.215521,11.697327
69.900000,0.219450,11.810176
69.900000,0.223379,11.934859
69.900000,0.212435,11.221983
70.000000,0.215712,11.308970
70.000000,0.220300,11.417213
70.000000,0.224014,11.503614
70.000000,0.227292,11.585329
70.000000,0.231443,11.697522
70.000000,0.234720,11.789649
70.100000,0.215259,10.314697
70.100000,0.218758,10.408747
70.100000,0.215257,9.885290
70.100000,0.219632,9.995121
70.100000,0.223132,10.084321
70.100000,0.211093,8.987245
70.200000,0.214814,9.067697
70.200000,0.218755,9.118171
70.200000,0.220069,8.956362
70.200000,0.217881,8.584108
70.200000,0.221824,8.620459
70.200000,0.225548,8.673709
70.300000,0.215253,7.541178
70.300000,0.218103,7.549043
70.300000,0.220954,7.536120
70.300000,0.223586,7.513683
70.300000,0.226438,7.489192
70.300000,0.214165,6.313935
70.300000,0.218773,6.315173
70.400000,0.214608,5.740928
70.400000,0.218558,5.759753
70.400000,0.222289,5.766402
70.400000,0.226020,5.760698
70.400000,0.227997,5.635782
70.400000,0.218124,4.775836
70.500000,0.214614,4.297900
70.500000,0.217907,4.302096
70.500000,0.221201,4.307985
70.500000,0.224935,4.312517
70.500000,0.228010,4.312917
70.500000,0.231524,4.310296
70.500000,0.234819,4.306843
70.600000,0.238333,4.304341
70.600000,0.241189,4.304003
70.600000,0.244704,4.305400
70.600000,0.247560,4.307153
70.600000,0.249976,4.308433
70.600000,0.253272,4.309262
70.600000,0.257007,4.308787
70.700000,0.260303,4.307652
70.700000,0.264038,4.306489
70.700000,0.267114,4.306119
70.700000,0.270850,4.306453
70.700000,0.274805,4.307259
70.700000,0.278321,4.307806
70.800000,0.282717,4.307860
70.800000,0.218585,1.212615
70.800000,0.221662,1.212230
70.800000,0.225178,1.211917
70.800000,0.228255,1.211866
70.800000,0.231772,1.212027
70.900000,0.220344,0.892990
70.900000,0.222981,0.893120
70.900000,0.226937,0.893149
70.900000,0.229795,0.893057
70.900000,0.233092,0.892907
70.900000,0.215080,0.287886
71.000000,0.219036,0.287883
71.000000,0.222772,0.287956
71.000000,0.226289,0.288026
71.000000,0.229586,0.288049
71.000000,0.233543,0.287302
71.000000,0.236181,0.277312
71.000000,0.239920,0.235475
71.100000,0.242779,0.183994
71.100000,0.246959,0.098062
71.100000,0.250259,0.038236
71.100000,0.216227,0.936344
71.100000,0.220185,0.979315
71.100000,0.223265,1.029591
71.200000,0.227005,1.126330
71.200000,0.217792,1.367509
71.200000,0.218897,1.492623
71.200000,0.222639,1.608645
71.200000,0.225720,1.686957
71.200000,0.213210,1.767102
71.300000,0.217611,1.858923
71.300000,0.221792,1.957044
71.300000,0.225094,2.046126
71.300000,0.228616,2.147989
71.300000,0.233019,2.274137
71.300000,0.236982,2.379350
71.400000,0.240064,2.455870
71.400000,0.244246,2.557282
71.400000,0.249530,2.690443
71.400000,0.253273,2.789942
71.400000,0.256796,2.885362
71.400000,0.215533,2.983256
71.500000,0.218395,3.058444
71.500000,0.214677,3.151471
71.500000,0.217979,3.235400
71.500000,0.221281,3.319728
71.500000,0.223703,3.382285
71.500000,0.226785,3.462844
71.500000,0.214949,3.541726
71.600000,0.217371,3.605644
71.600000,0.220233,3.680891
71.600000,0.223536,3.767065
71.600000,0.227059,3.858293
71.600000,0.230141,3.937871
71.600000,0.212397,4.056828
71.700000,0.216580,4.165781
71.700000,0.219663,4.248293
71.700000,0.215733,4.363610
71.700000,0.218817,4.487122
71.700000,0.214891,4.647303
71.700000,0.218637,4.820292
71.700000,0.214932,4.978048
71.800000,0.218236,5.102380
71.800000,0.222201,5.254322
71.800000,0.225947,5.432330
71.800000,0.229914,5.659580
71.800000,0.234543,5.941062
71.900000,0.215956,6.153509
71.900000,0.220143,6.364196
71.900000,0.223448,6.519198
71.900000,0.227193,6.697144
71.900000,0.216284,6.898637
71.900000,0.213038,7.128572
72.000000,0.216344,7.333628
72.000000,0.219431,7.545119
72.000000,0.223179,7.814580
72.000000,0.226486,8.048538
72.000000,0.230232,8.298038
72.000000,0.234199,8.545621
72.100000,0.214995,8.436238
72.100000,0.219625,8.783634
72.100000,0.224476,9.199293
72.100000,0.228003,9.504528
72.100000,0.231529,9.792307
72.100000,0.235054,10.061125
72.200000,0.216526,9.767754
72.200000,0.219833,10.057303
72.200000,0.223140,10.374460
72.200000,0.226225,10.682544
72.200000,0.229751,11.029854
72.200000,0.233275,11.359023
72.200000,0.236358,11.636491
72.300000,0.240100,11.990308
72.300000,0.243842,12.378928
72.300000,0.246923,12.719841
72.300000,0.250442,13.115209
72.300000,0.254399,13.546416
72.300000,0.257694,13.888151
72.400000,0.216773,13.101170
72.400000,0.220293,13.451938
72.400000,0.223812,13.810657
72.400000,0.227110,14.156612
72.400000,0.230627,14.532234
72.400000,0.233922,14.884674
72.500000,0.237215,15.232877
72.500000,0.240507,15.575597
72.500000,0.244455,15.982295
72.500000,0.248839,16.434794
72.500000,0.252781,16.846388
72.500000,0.256503,17.238660
72.600000,0.260003,17.608726
72.600000,0.219715,16.783748
72.600000,0.223445,17.173488
72.600000,0.226954,17.538642
72.600000,0.221809,17.640041
72.600000,0.225097,17.982712
72.700000,0.229042,18.395346
72.700000,0.232546,18.763042
72.700000,0.221155,18.519152
72.700000,0.224880,18.909441
72.700000,0.221274,18.994157
72.700000,0.224998,19.383135
72.800000,0.229157,19.817999
72.800000,0.232657,20.184650
72.800000,0.222156,19.783731
72.800000,0.226096,20.196762
72.800000,0.228969,20.577925
72.800000,0.232686,20.967556
72.900000,0.236183,21.334116
72.900000,0.239459,21.677723
72.900000,0.221295,20.910886
72.900000,0.224359,21.231795
72.900000,0.227858,21.598610
72.900000,0.223856,21.479532
72.900000,0.228230,21.938028
73.000000,0.231071,22.235987
73.000000,0.222150,21.721916
73.000000,0.225649,22.088573
73.000000,0.227018,22.312694
73.000000,0.230733,22.702350
73.000000,0.234009,23.046197
73.100000,0.237938,23.458832
73.100000,0.241209,23.802678
73.100000,0.223593,22.473888
73.100000,0.227090,22.818708
73.100000,0.223331,22.534001
73.100000,0.227047,22.848875
73.200000,0.229887,23.088881
73.200000,0.233818,23.436010
73.200000,0.226008,22.638476
73.200000,0.229941,22.999768
73.200000,0.229367,22.904554
73.200000,0.226269,22.513447
73.300000,0.229329,22.726221
73.300000,0.232826,22.973750
73.300000,0.222247,21.646101
73.300000,0.225514,21.913944
73.300000,0.221943,21.453919
73.300000,0.225645,21.714577
73.400000,0.228915,21.924287
73.400000,0.225147,21.372987
73.400000,0.228422,21.582195
73.400000,0.228056,21.411774
73.400000,0.231104,21.614448
73.400000,0.230539,21.388260
73.400000,0.227214,20.809102
73.500000,0.231594,21.008542
73.500000,0.234660,21.150055
73.500000,0.222968,19.741510
73.500000,0.226039,19.905564
73.500000,0.229328,20.090123
73.500000,0.234369,20.371957
73.600000,0.223540,19.007414
73.600000,0.227490,19.206496
73.600000,0.228646,19.118162
73.600000,0.232157,19.296880
73.600000,0.231176,18.990198
73.600000,0.235346,19.213754
73.700000,0.224931,17.875019
73.700000,0.228665,18.070618
73.700000,0.224875,17.473786
73.700000,0.229050,17.688073
73.700000,0.226135,17.136494
73.800000,0.229651,17.320595
73.800000,0.225193,16.690808
73.800000,0.228930,16.887207
73.800000,0.230943,16.899196
73.800000,0.234240,17.070566
73.800000,0.231941,16.645584
73.900000,0.236337,16.873737
73.900000,0.239415,17.034015
73.900000,0.242931,17.217701
73.900000,0.225107,15.098287
73.900000,0.228627,15.281945
73.900000,0.225455,14.720406
73.900000,0.228535,14.880525
74.000000,0.225576,14.329987
74.000000,0.228657,14.490293
74.000000,0.231737,14.650765
74.000000,0.235257,14.834316
74.000000,0.237676,14.960478
74.000000,0.225796,13.550857
74.100000,0.229097,13.722777
74.100000,0.232838,13.917505
74.100000,0.235258,14.043486
74.100000,0.238777,14.226746
74.100000,0.241857,14.387173
74.100000,0.245155,14.559123
74.100000,0.248453,14.731099
74.200000,0.252191,14.926018
74.200000,0.254829,15.063576
74.200000,0.259663,15.315704
74.200000,0.263838,15.533435
74.200000,0.267353,15.716795
74.200000,0.271087,15.911683
74.200000,0.220532,11.603874
74.300000,0.224275,11.798740
74.300000,0.227796,11.982149
74.300000,0.232198,12.211398
74.300000,0.236379,12.429109
74.300000,0.240339,12.635357
74.400000,0.244078,12.830159
74.400000,0.247818,13.024962
74.400000,0.251556,13.219774
74.400000,0.255954,13.448948
74.400000,0.259911,13.655197
74.400000,0.263868,13.861435
74.500000,0.267604,14.056234
74.500000,0.226367,11.651869
74.500000,0.230329,11.858136
74.500000,0.226887,11.663285
74.500000,0.231069,11.880958
74.500000,0.235250,12.098688
74.600000,0.238771,12.282040
74.600000,0.242511,12.476826
74.600000,0.245810,12.648726
74.600000,0.235820,12.126382
74.600000,0.228667,11.751683
74.600000,0.232408,11.946494
74.700000,0.236589,12.164251
74.700000,0.240109,12.347608
74.700000,0.244069,12.553895
74.700000,0.247148,12.714364
74.700000,0.250666,12.897745
74.700000,0.254404,13.092603
74.800000,0.257922,13.275976
74.800000,0.261439,13.459346
74.800000,0.264955,13.642727
74.800000,0.267812,13.791723
74.800000,0.226711,11.630738
74.800000,0.230673,11.837045
74.800000,0.233753,11.997497
74.900000,0.236614,12.146489
74.900000,0.226203,11.595349
74.900000,0.230164,11.801613
74.900000,0.226719,11.619053
74.900000,0.230680,11.825328
75.000000,0.235962,12.100349
75.000000,0.239482,12.283695
75.000000,0.231674,11.870891
75.000000,0.234755,12.031329
75.000000,0.234133,11.996870
75.000000,0.237654,12.180217
75.000000,0.241394,12.375039
75.100000,0.246013,12.615659
75.100000,0.228421,11.687529
75.100000,0.233483,11.951094
75.100000,0.230258,11.779062
75.100000,0.233339,11.939516
75.200000,0.237299,12.145793
75.200000,0.240379,12.306215
75.200000,0.233223,11.927978
75.200000,0.236524,12.099880
75.200000,0.236569,12.079836
75.200000,0.240969,12.309030
75.300000,0.229667,11.644790
75.300000,0.233187,11.828147
75.300000,0.229072,11.576320
75.300000,0.232153,11.736766
75.300000,0.227815,11.473498
75.300000,0.231556,11.668328
75.400000,0.227435,11.416543
75.400000,0.230296,11.565533
75.400000,0.234036,11.760352
75.400000,0.235153,11.807665
75.400000,0.238232,11.968125
75.400000,0.241752,12.151509
75.400000,0.232848,11.681779
75.500000,0.228515,11.452674
75.500000,0.231595,11.613111
75.500000,0.227701,11.406896
75.500000,0.231222,11.590254
75.500000,0.234742,11.773619
75.500000,0.238482,11.968455
75.600000,0.241781,12.140368
75.600000,0.245960,12.358117
75.600000,0.249038,12.518549
75.600000,0.252336,12.690447
75.600000,0.255633,12.862343
75.600000,0.229726,11.498707
75.700000,0.233466,11.693516
75.700000,0.228912,11.452806
75.700000,0.231992,11.613238
75.700000,0.235292,11.785162
75.700000,0.239031,11.979965
75.700000,0.241671,12.117491
75.700000,0.229042,11.452700
75.700000,0.231682,11.590207
75.800000,0.228006,11.395364
75.800000,0.231746,11.590171
75.800000,0.235046,11.762052
75.800000,0.238345,11.933926
75.800000,0.242084,12.128743
75.800000,0.245602,12.312125
75.900000,0.227316,11.349510
75.900000,0.230396,11.509953
75.900000,0.233696,11.681843
75.900000,0.236555,11.830814
75.900000,0.240294,12.025628
75.900000,0.244032,12.220452
76.000000,0.246890,12.369456
76.000000,0.227500,11.349628
76.000000,0.231460,11.555940
76.000000,0.235420,11.762235
76.000000,0.223881,11.154977
76.000000,0.226741,11.303947
76.000000,0.230261,11.487318
76.100000,0.227241,11.326974
76.100000,0.230761,11.510355
76.100000,0.234500,11.705180
76.100000,0.238239,11.900013
76.100000,0.227579,11.338517
76.100000,0.230439,11.487492
76.200000,0.227627,11.338474
76.200000,0.230278,11.475989
76.200000,0.233578,11.647903
76.200000,0.237316,11.842706
76.200000,0.240395,12.003132
76.200000,0.244572,12.220859
76.300000,0.225613,11.223847
76.300000,0.229352,11.418632
76.300000,0.233092,11.613438
76.300000,0.228970,11.395655
76.300000,0.225507,11.212314
76.300000,0.229467,11.418589
76.400000,0.228404,11.361239
76.400000,0.232143,11.556069
76.400000,0.233482,11.624834
76.400000,0.229358,11.407135
76.400000,0.225674,11.212303
76.400000,0.228974,11.384198
76.500000,0.224629,11.155022
76.500000,0.227049,11.281111
76.500000,0.230348,11.453032
76.500000,0.232987,11.590576
76.500000,0.229082,11.384309
76.500000,0.224516,11.143668
76.500000,0.228256,11.338494
76.600000,0.231115,11.487496
76.600000,0.229826,11.418764
76.600000,0.230068,11.430236
76.600000,0.234686,11.670912
76.600000,0.224454,11.132345
76.600000,0.228633,11.350097
76.700000,0.225166,11.166739
76.700000,0.229345,11.384496
76.700000,0.233523,11.602239
76.700000,0.236821,11.774134
76.700000,0.240558,11.968927
76.700000,0.229227,11.373074
76.800000,0.232745,11.556427
76.800000,0.236263,11.739770
76.800000,0.239781,11.923123
76.800000,0.243298,12.106486
76.800000,0.245276,12.209642
76.800000,0.248791,12.392996
76.900000,0.252966,12.610716
76.900000,0.256261,12.782602
76.900000,0.259556,12.954520
76.900000,0.262410,13.103492
76.900000,0.265923,13.286889
76.900000,0.269216,13.458789
76.900000,0.272289,13.619235
77.000000,0.275581,13.791143
77.000000,0.279311,13.985950
77.000000,0.236120,11.716839
77.000000,0.239856,11.911697
77.000000,0.243153,12.083602
77.000000,0.234673,11.636613
77.100000,0.231642,11.476164
77.100000,0.234719,11.636600
77.100000,0.238456,11.831408
77.100000,0.242851,12.060624
77.100000,0.246367,12.243999
77.100000,0.249882,12.427379
77.200000,0.230458,11.407559
77.200000,0.234195,11.602389
77.200000,0.237053,11.751356
77.200000,0.240789,11.946153
77.200000,0.245403,12.186828
77.200000,0.249138,12.381642
77.300000,0.252432,12.553544
77.300000,0.232787,11.522288
77.300000,0.235865,11.682723
77.300000,0.231291,11.442096
77.300000,0.234808,11.625441
77.300000,0.238764,11.831697
77.300000,0.242060,12.003584
77.400000,0.231156,11.430596
77.400000,0.234892,11.625431
77.400000,0.237535,11.762965
77.400000,0.241051,11.946337
77.400000,0.238010,11.785888
77.400000,0.241965,11.992154
77.500000,0.245480,12.175506
77.500000,0.249434,12.381805
77.500000,0.252947,12.565152
77.500000,0.233955,11.568052
77.500000,0.237471,11.751434
77.500000,0.233335,11.533653
77.600000,0.236412,11.694089
77.600000,0.232934,11.510747
77.600000,0.236450,11.694109
77.600000,0.239747,11.866029
77.600000,0.243042,12.037935
77.600000,0.247215,12.255671
77.700000,0.235866,11.659798
77.700000,0.231508,11.430634
77.700000,0.235244,11.625438
77.700000,0.238320,11.785870
77.700000,0.242274,11.992149
77.700000,0.246227,12.198443
77.800000,0.249302,12.358883
77.800000,0.252595,12.530792
77.800000,0.234908,11.602643
77.800000,0.239082,11.820380
77.800000,0.242816,12.015226
77.800000,0.238461,11.786061
77.800000,0.241317,11.935026
77.900000,0.245929,12.175650
77.900000,0.249442,12.359015
77.900000,0.252954,12.542373
77.900000,0.257125,12.760141
77.900000,0.237683,11.740226
78.000000,0.241417,11.935039
78.000000,0.244711,12.106934
78.000000,0.234448,11.568280
78.000000,0.237524,11.728701
78.000000,0.240384,11.877700
78.000000,0.234924,11.591207
78.000000,0.238658,11.786036
78.100000,0.242391,11.980857
78.100000,0.246783,12.210034
78.100000,0.236084,11.648504
78.100000,0.232379,11.453656
78.100000,0.235674,11.625563
78.100000,0.239628,11.831847
78.200000,0.243361,12.026674
78.200000,0.246215,12.175661
78.200000,0.236822,11.682969
78.200000,0.240994,11.900704
78.200000,0.243190,12.015302
78.200000,0.237298,11.705875
78.300000,0.240153,11.854863
78.300000,0.243445,12.022835
78.300000,0.232299,11.408441
78.300000,0.236690,11.563249
78.300000,0.240861,11.695096
78.300000,0.244592,11.824191
78.400000,0.248324,11.972379
78.400000,0.251834,12.115859
78.400000,0.236311,11.225661
78.400000,0.237421,11.164363
78.400000,0.240933,11.224577
78.400000,0.245324,11.309940
78.500000,0.250153,11.438541
78.500000,0.232003,10.399583
78.500000,0.235298,10.500061
78.500000,0.238154,10.579543
78.500000,0.234225,10.277384
78.500000,0.237301,10.348470
78.600000,0.240816,10.430306
78.600000,0.244331,10.517956
78.600000,0.247187,10.594196
78.600000,0.250702,10.691754
78.600000,0.253997,10.783235
78.600000,0.256633,10.854432
78.600000,0.259049,10.917619
78.700000,0.263882,11.039727
78.700000,0.267396,11.127880
78.700000,0.271349,11.229305
78.700000,0.274863,11.321906
78.700000,0.278157,11.409845
78.700000,0.229123,8.764275
78.800000,0.233301,8.873951
78.800000,0.237479,8.981872
78.800000,0.241217,9.077929
78.800000,0.244515,9.163097
78.800000,0.249571,9.295036
78.900000,0.230727,8.218563
78.900000,0.234686,8.322381
78.900000,0.238425,8.419924
78.900000,0.241724,8.505595
78.900000,0.245682,8.608256
78.900000,0.249200,8.699640
79.000000,0.230122,7.616676
79.000000,0.232541,7.679834
79.000000,0.236281,7.777501
79.000000,0.238044,7.777690
79.000000,0.236077,7.577199
79.000000,0.238936,7.651590
79.000000,0.241576,7.720228
79.100000,0.230164,7.032477
79.100000,0.233904,7.129855
79.100000,0.237644,7.227321
79.100000,0.240723,7.307620
79.100000,0.244683,7.410839
79.100000,0.247982,7.496782
79.200000,0.251941,7.599870
79.200000,0.255460,7.691494
79.200000,0.258759,7.777410
79.200000,0.238548,6.637158
79.200000,0.236139,6.407997
79.200000,0.239219,6.488239
79.200000,0.242739,6.579931
79.300000,0.246039,6.665872
79.300000,0.249558,6.757528
79.300000,0.253297,6.854905
79.300000,0.256597,6.940840
79.300000,0.259456,7.015333
79.300000,0.263195,7.112739
79.400000,0.266274,7.192966
79.400000,0.270452,7.301823
79.400000,0.274190,7.399221
79.400000,0.277928,7.496620
79.400000,0.281447,7.588290
79.400000,0.284745,7.674232
79.500000,0.288482,7.771645
79.500000,0.231588,5.973291
79.500000,0.235108,6.064972
79.500000,0.238628,6.156652
79.500000,0.241708,6.236863
79.500000,0.231387,5.987535
79.500000,0.234247,6.062027
79.600000,0.231396,5.977232
79.600000,0.233597,6.033541
79.600000,0.236897,6.119490
79.600000,0.233166,6.025380
79.600000,0.236466,6.111328
79.600000,0.240646,6.220195
79.700000,0.245046,6.334788
79.700000,0.234065,6.050602
79.700000,0.236705,6.119359
79.700000,0.240225,6.211027
79.700000,0.243965,6.308418
79.700000,0.231663,5.987685
79.800000,0.235183,6.079357
79.800000,0.238703,6.171038
79.800000,0.242003,6.256982
79.800000,0.245963,6.360131
79.800000,0.249042,6.440341
79.800000,0.252122,6.520553
79.800000,0.255201,6.600761
79.900000,0.258940,6.698170
79.900000,0.233763,6.014837
79.900000,0.237946,6.123701
79.900000,0.234466,6.031854
79.900000,0.237108,6.100614
79.900000,0.241072,6.203745
80.000000,0.245035,6.306885
80.000000,0.236299,6.077544
80.000000,0.240042,6.174946
80.000000,0.243785,6.272354
80.000000,0.237677,6.112060
80.100000,0.242521,6.238125
80.100000,0.246265,6.335531
80.100000,0.250008,6.432938
80.100000,0.254191,6.541811
80.100000,0.235163,6.043225
80.100000,0.238245,6.123441
80.200000,0.234765,6.031795
80.200000,0.238068,6.117744
80.200000,0.238532,6.129168
80.200000,0.241614,6.209389
80.200000,0.242074,6.220819
80.200000,0.245597,6.312494
80.300000,0.249560,6.415629
80.300000,0.253083,6.507307
80.300000,0.256166,6.587521
80.300000,0.258588,6.650550
80.300000,0.261891,6.736496
80.300000,0.265634,6.833900
80.300000,0.269597,6.937038
80.400000,0.272679,7.017253
80.400000,0.276202,7.108940
80.400000,0.279504,7.194885
80.400000,0.283247,7.292290
80.400000,0.288090,7.418342
80.400000,0.292273,7.527204
80.500000,0.296015,7.624616
80.500000,0.299317,7.710574
80.500000,0.302618,7.796530
80.500000,0.305700,7.881549
80.500000,0.308783,7.985586
80.500000,0.311645,8.102191
80.600000,0.316490,8.324937
80.600000,0.320453,8.503060
80.600000,0.324635,8.668986
80.600000,0.327937,8.790343
80.600000,0.234710,6.407299
80.600000,0.238676,6.616330
80.700000,0.234979,6.646501
80.700000,0.237844,6.820213
80.700000,0.235249,6.895325
80.700000,0.238994,7.079503
80.700000,0.241638,7.203173
80.700000,0.245604,7.392055
80.800000,0.234023,7.170088
80.800000,0.237108,7.335303
80.800000,0.240633,7.529238
80.800000,0.244819,7.756934
80.800000,0.248124,7.930265
80.800000,0.250987,8.076134
80.900000,0.255392,8.297595
80.900000,0.259136,8.488188
80.900000,0.262440,8.660107
80.900000,0.266403,8.869817
80.900000,0.269706,9.045053
80.900000,0.273888,9.264811
81.000000,0.276970,9.424671
81.000000,0.281371,9.651347
81.000000,0.285113,9.855085
81.000000,0.288854,10.091371
81.000000,0.291055,10.244959
81.000000,0.295236,10.549600
81.100000,0.232720,9.106584
81.100000,0.236685,9.362796
81.100000,0.240650,9.614726
81.100000,0.243293,9.801106
81.100000,0.231732,9.672430
81.100000,0.234817,9.936322
81.200000,0.238561,10.261777
81.200000,0.235094,10.382491
81.200000,0.238178,10.631077
81.200000,0.241920,10.905399
81.200000,0.245882,11.196163
81.200000,0.234111,11.041454
81.200000,0.237193,11.285274
81.300000,0.233731,11.411454
81.300000,0.237692,11.731000
81.300000,0.241652,12.042493
81.300000,0.245170,12.313053
81.300000,0.234514,12.242660
81.400000,0.238253,12.531393
81.400000,0.235667,12.658443
81.400000,0.238526,12.884675
81.400000,0.239854,13.047674
81.400000,0.243150,13.307936
81.400000,0.231634,13.176494
81.400000,0.235371,13.467071
81.500000,0.231922,13.526855
81.500000,0.235658,13.817933
81.500000,0.238953,14.076037
81.500000,0.235286,14.028735
81.500000,0.239240,14.339429
81.500000,0.243411,14.666429
81.600000,0.246703,14.923872
81.600000,0.236940,14.626051
81.600000,0.238277,14.801322
81.600000,0.233733,14.586056
81.600000,0.230287,14.476988
81.600000,0.233361,14.717999
81.700000,0.230135,14.689477
81.700000,0.233867,14.981745
81.700000,0.238037,15.308183
81.700000,0.241766,15.600166
81.700000,0.245932,15.926666
81.700000,0.234882,15.426560
81.800000,0.239269,15.770468
81.800000,0.238433,15.822720
81.800000,0.238899,15.931992
81.800000,0.243064,16.258570
81.800000,0.246351,16.516387
81.800000,0.250075,16.808572
81.900000,0.254674,17.169606
81.900000,0.258394,17.461940
81.900000,0.261676,17.719823
81.900000,0.265613,18.029250
81.900000,0.269984,18.373075
82.000000,0.274135,18.699679
82.000000,0.277848,18.991900
82.000000,0.241035,16.964220
82.000000,0.244320,17.222085
82.000000,0.244154,17.286275
82.000000,0.247438,17.544124
82.000000,0.250721,17.801978
82.100000,0.255315,18.162992
82.100000,0.258377,18.403668
82.100000,0.261656,18.661530
82.100000,0.264715,18.902195
82.100000,0.268865,19.228793
82.200000,0.272795,19.538194
82.200000,0.276286,19.813232
82.200000,0.279122,20.036722
82.200000,0.282611,20.311774
82.200000,0.286534,20.621224
82.200000,0.290019,20.896270
82.200000,0.293286,21.154159
82.300000,0.236782,16.771041
82.300000,0.240504,17.063292
82.300000,0.243567,17.303988
82.300000,0.247068,17.579037
82.300000,0.250567,17.854094
82.300000,0.254064,18.129175
82.300000,0.257123,18.369855
82.400000,0.261928,18.748048
82.400000,0.265858,19.057465
82.400000,0.268258,19.246523
82.400000,0.271749,19.521548
82.400000,0.238347,16.882145
82.400000,0.241628,17.139991
82.500000,0.236859,16.759520
82.500000,0.240578,17.051737
82.500000,0.243859,17.309588
82.500000,0.247138,17.567432
82.500000,0.250416,17.825272
82.500000,0.253256,18.048748
82.500000,0.256531,18.306595
82.600000,0.237635,16.811736
82.600000,0.240696,17.052400
82.600000,0.243975,17.310271
82.600000,0.247253,17.568148
82.600000,0.250748,17.843193
82.600000,0.254678,18.152635
82.700000,0.236204,16.691380
82.700000,0.240358,17.018001
82.700000,0.243854,17.293075
82.700000,0.247349,17.568147
82.700000,0.250843,17.843164
82.700000,0.254553,18.135375
82.800000,0.258480,18.444780
82.800000,0.262406,18.754220
82.800000,0.266111,19.046479
82.800000,0.270032,19.355981
82.800000,0.236110,16.674127
82.800000,0.240479,17.017923
82.900000,0.236784,16.725592
82.900000,0.240934,17.052172
82.900000,0.245737,17.430307
82.900000,0.249011,17.688137
82.900000,0.237251,16.759797
83.000000,0.240963,17.051946
83.000000,0.244456,17.326925
83.000000,0.248165,17.619075
83.000000,0.251655,17.894109
83.000000,0.255361,18.186359
83.000000,0.259501,18.513022
83.100000,0.262550,18.753689
83.100000,0.266904,19.097480
83.100000,0.270386,19.372545
83.100000,0.274300,19.682025
83.100000,0.278431,20.008670
83.100000,0.237289,16.759806
83.200000,0.240779,17.034866
83.200000,0.238159,16.828570
83.200000,0.242085,17.138016
83.200000,0.243612,17.258383
83.200000,0.246664,17.499087
83.200000,0.250150,17.774142
83.200000,0.253200,18.014806
83.300000,0.257119,18.324210
83.300000,0.260166,18.564842
83.300000,0.263864,18.857049
83.300000,0.266691,19.080494
83.300000,0.269300,19.286767
83.300000,0.272777,19.561798
83.400000,0.276470,19.854025
83.400000,0.280594,20.180649
83.400000,0.242457,17.172406
83.400000,0.246160,17.464587
83.400000,0.249644,17.739597
83.400000,0.243753,17.275421
83.500000,0.247891,17.601969
83.500000,0.251808,17.911332
83.500000,0.240663,17.034662
83.500000,0.244148,17.309708
83.500000,0.240204,17.000287
83.500000,0.243906,17.292519
83.600000,0.239961,16.983095
83.600000,0.243445,17.258110
83.600000,0.242775,17.206538
83.600000,0.246039,17.464382
83.600000,0.249520,17.739442
83.600000,0.242298,17.172117
83.700000,0.238566,16.879851
83.700000,0.241830,17.137721
83.700000,0.245311,17.412768
83.700000,0.241143,17.086249
83.700000,0.244623,17.361319
83.700000,0.241106,17.086271
83.800000,0.237586,16.811191
83.800000,0.241720,17.137833
83.800000,0.241918,17.154989
83.800000,0.246266,17.498778
83.800000,0.250613,17.842615
83.800000,0.243374,17.275444
83.900000,0.239198,16.948891
83.900000,0.244198,17.344261
83.900000,0.247675,17.619277
83.900000,0.250715,17.859925
83.900000,0.253972,18.117769
84.000000,0.258096,18.444406
84.000000,0.261566,18.719440
84.000000,0.264385,18.942859
84.000000,0.242933,17.258489
84.000000,0.246191,17.516322
84.000000,0.244211,17.361690
84.000000,0.247251,17.602331
84.100000,0.251592,17.946129
84.100000,0.255280,18.238322
84.100000,0.258750,18.513347
84.100000,0.240128,17.052014
84.100000,0.243168,17.292693
84.100000,0.239632,17.017618
84.200000,0.242889,17.275451
84.200000,0.246144,17.533266
84.200000,0.250049,17.842676
84.200000,0.253518,18.117720
84.200000,0.255903,18.306833
84.200000,0.258069,18.478774
84.200000,0.261969,18.788217
84.300000,0.241184,17.158350
84.300000,0.244849,17.450554
84.300000,0.248297,17.725581
84.300000,0.252390,18.052240
84.300000,0.256481,18.378867
84.400000,0.237953,16.935162
84.400000,0.241833,17.244577
84.400000,0.246357,17.605582
84.400000,0.250232,17.914977
84.400000,0.253676,18.190003
84.400000,0.257119,18.465060
84.500000,0.237939,16.969749
84.500000,0.241385,17.244775
84.500000,0.244615,17.502584
84.500000,0.240586,17.193112
84.500000,0.244030,17.468115
84.500000,0.240215,17.175938
84.600000,0.236829,16.918087
84.600000,0.240274,17.193144
84.600000,0.244362,17.519726
84.600000,0.248019,17.811921
84.600000,0.235865,16.866397
84.600000,0.239739,17.175853
84.700000,0.243181,17.450890
84.700000,0.238070,17.055463
84.700000,0.241512,17.330524
84.700000,0.244307,17.554008
84.700000,0.247532,17.811863
84.700000,0.236018,16.916059
84.700000,0.239243,17.154355
84.800000,0.242897,17.393511
84.800000,0.246765,17.623763
84.800000,0.249988,17.815982
84.800000,0.238475,16.865988
84.800000,0.234651,16.531627
84.800000,0.238306,16.774532
84.900000,0.233835,16.363574
84.900000,0.237492,16.541069
84.900000,0.241580,16.721281
84.900000,0.238619,16.353075
84.900000,0.234366,15.943599
84.900000,0.238241,16.148291
85.000000,0.235964,15.852257
85.000000,0.239195,15.965888
85.000000,0.240666,15.929101
85.000000,0.244330,16.049214
85.000000,0.247779,16.180864
85.000000,0.236696,15.167953
85.100000,0.239501,15.263756
85.100000,0.235252,14.764029
85.100000,0.238491,14.828202
85.100000,0.242378,14.900235
85.100000,0.230863,13.808961
85.100000,0.234323,13.904564
85.100000,0.238217,14.025257
85.200000,0.242544,14.156708
85.200000,0.245790,14.245287
85.200000,0.248820,14.320391
85.200000,0.252067,14.397194
85.200000,0.255098,14.469998
85.200000,0.236105,12.791854
85.300000,0.239139,12.839184
85.300000,0.241090,12.860165
85.300000,0.245644,12.893628
85.300000,0.249114,12.917344
85.300000,0.252585,12.930661
85.300000,0.256274,12.927766
85.400000,0.259747,12.914569
85.400000,0.263656,12.900037
85.400000,0.240478,10.815312
85.400000,0.244176,10.819770
85.400000,0.244137,10.569743
85.400000,0.247838,10.576825
85.500000,0.236113,9.409624
85.500000,0.239816,9.406316
85.500000,0.243521,9.401065
85.500000,0.247445,9.397575
85.500000,0.251370,9.397976
85.500000,0.255078,9.400737
85.600000,0.235857,7.650004
85.600000,0.238694,7.651105
85.600000,0.242624,7.650645
85.600000,0.246554,7.648840
85.600000,0.250049,7.647395
85.600000,0.253326,7.646916
85.600000,0.256822,7.647375
85.700000,0.260974,7.648493
85.700000,0.264909,7.649211
85.700000,0.267313,7.649268
85.700000,0.270812,7.648894
85.700000,0.236823,4.924473
85.700000,0.233484,4.449833
85.800000,0.237422,4.449840
85.800000,0.241798,4.450192
85.800000,0.246393,4.450497
85.800000,0.249458,4.450516
85.800000,0.253617,4.450330
85.900000,0.234871,3.284748
85.900000,0.238592,3.284617
85.900000,0.242533,3.284629
85.900000,0.245161,3.284693
85.900000,0.249541,3.284803
85.900000,0.252827,3.284823
86.000000,0.254359,3.285918
86.000000,0.255985,3.290236
86.000000,0.257071,3.297142
86.000000,0.234297,2.389128
86.000000,0.228709,2.158111
86.000000,0.221713,2.005038
86.100000,0.221742,2.006967
86.100000,0.221743,2.006903
86.100000,0.221744,2.004897
86.100000,0.221745,2.002910
86.100000,0.221745,2.001764
86.100000,0.221745,2.002113
86.200000,0.221745,2.003470
86.200000,0.191886,1.236684
86.200000,0.191886,1.237225
86.200000,0.191885,1.237016
86.200000,0.191884,1.236383
86.200000,0.191883,1.235644
86.200000,0.191881,1.235189
86.300000,0.191880,1.235195
86.300000,0.191878,1.235613
86.300000,0.191876,1.236527
86.300000,0.191874,1.237228
86.300000,0.191873,1.238046
86.300000,0.154659,1.043157
86.300000,0.154657,1.043355
86.400000,0.147475,0.826510
86.400000,0.147255,0.825580
86.400000,0.147253,0.825040
86.400000,0.147252,0.824881
86.400000,0.132422,0.832227
86.500000,0.132421,0.832264
86.500000,0.125017,0.831110
86.500000,0.125016,0.830990
86.500000,0.125015,0.830800
86.500000,0.110241,0.827767
86.500000,0.110241,0.827642
86.600000,0.104172,0.829447
86.600000,0.104172,0.829440
86.600000,0.102874,0.829825
86.600000,0.095525,0.828263
86.600000,0.095525,0.828216
86.600000,0.088198,0.827363
86.600000,0.088199,0.827310
86.700000,0.080900,0.828374
86.700000,0.080901,0.828350
86.700000,0.080902,0.828338
86.700000,0.080903,0.828322
86.700000,0.066426,0.827953
86.700000,0.066428,0.827923
86.800000,0.061374,0.827956
86.800000,0.061376,0.827930
86.800000,0.059283,0.827948
86.800000,0.052228,0.828349
86.800000,0.045308,0.828316
86.800000,0.045309,0.828352
86.900000,0.038599,0.828269
86.900000,0.038600,0.828284
86.900000,0.038601,0.828281
86.900000,0.035765,0.822606
86.900000,0.033973,0.808482
86.900000,0.033974,0.808468
87.000000,0.033974,0.808456
87.000000,0.033526,0.803206
87.000000,0.033526,0.803197
87.000000,0.033525,0.803183
87.000000,0.033172,0.797799
87.000000,0.033171,0.797782
87.000000,0.033170,0.797745
87.100000,0.033168,0.801730
87.100000,0.033166,0.801667
87.100000,0.033166,0.799377
87.100000,0.033164,0.799329
87.100000,0.033163,0.799275
87.100000,0.033161,0.799211
87.200000,0.033165,0.800534
87.200000,0.033164,0.800492
87.200000,0.033163,0.800473
87.200000,0.033168,0.799934
87.200000,0.033171,0.797664
87.200000,0.033171,0.797639
87.300000,0.033175,0.796718
87.300000,0.033175,0.796688
87.300000,0.033178,0.797205
87.300000,0.033178,0.797182
87.300000,0.033179,0.797161
87.300000,0.033179,0.797143
87.400000,0.033184,0.797569
87.400000,0.033185,0.797533
87.400000,0.033189,0.797696
87.400000,0.033190,0.797690
87.400000,0.033191,0.797710
87.500000,0.033192,0.797750
87.500000,0.033193,0.797777
87.500000,0.033194,0.797787
87.500000,0.033195,0.797785
87.500000,0.033196,0.797785
87.600000,0.033197,0.798474
87.600000,0.033198,0.798601
87.600000,0.033198,0.798591
87.600000,0.033197,0.798576
87.600000,0.033197,0.798553
87.700000,0.033196,0.798520
87.700000,0.033196,0.798498
87.700000,0.033195,0.798459
87.700000,0.033194,0.798427
87.700000,0.033193,0.798384
87.700000,0.033192,0.798352
87.800000,0.033191,0.798319
87.800000,0.033178,0.798823
87.800000,0.033177,0.798790
87.800000,0.033177,0.798761
87.800000,0.033172,0.798892
87.800000,0.033172,0.798870
87.900000,0.033171,0.798860
87.900000,0.033170,0.798962
87.900000,0.033170,0.798947
87.900000,0.033171,0.798925
87.900000,0.033172,0.798893
88.000000,0.033172,0.798873
88.000000,0.033172,0.798875
88.000000,0.033173,0.798886
88.000000,0.033178,0.798891
88.000000,0.033182,0.798920
88.000000,0.033183,0.798918
88.000000,0.033183,0.798914
88.100000,0.033187,0.798916
88.100000,0.033187,0.798915
88.100000,0.033188,0.798913
88.100000,0.033188,0.798914
88.100000,0.033193,0.798950
88.100000,0.033193,0.798949
88.200000,0.033193,0.798940
88.200000,0.033194,0.798920
88.200000,0.033194,0.798903
88.200000,0.033194,0.798891
88.200000,0.033193,0.798878
88.200000,0.033194,0.798961
88.300000,0.033193,0.798938
88.300000,0.033193,0.798921
88.300000,0.033193,0.798899
88.300000,0.033192,0.798870
88.300000,0.033191,0.798841
