time_s,pos_err_m,ang_err_deg
1.300000,0.000020,0.000002
1.300000,0.000017,0.000003
1.300000,0.000019,0.000003
1.300000,0.000021,0.000004
1.300000,0.000023,0.000005
1.300000,0.000024,0.000005
1.300000,0.000019,0.000004
1.400000,0.000019,0.000004
1.400000,0.000021,0.000004
1.400000,0.000021,0.000003
1.400000,0.000018,0.000002
1.400000,0.000019,0.000002
1.400000,0.000015,0.000000
1.400000,0.000016,0.000000
1.400000,0.000018,0.000001
1.500000,0.000019,0.000002
1.500000,0.000020,0.000003
1.500000,0.000015,0.000002
1.500000,0.000016,0.000002
1.500000,0.000017,0.000003
1.500000,0.000019,0.000003
1.500000,0.000020,0.000003
1.500000,0.000020,0.000003
1.600000,0.000016,0.000003
1.600000,0.000017,0.000002
1.600000,0.000017,0.000002
1.600000,0.000018,0.000002
1.600000,0.000014,0.000004
1.600000,0.000014,0.000004
1.600000,0.000014,0.000004
1.600000,0.000014,0.000004
1.700000,0.000011,0.000003
1.700000,0.000011,0.000003
1.700000,0.000011,0.000003
1.700000,0.000011,0.000003
1.700000,0.000010,0.000003
1.700000,0.000009,0.000002
1.700000,0.000007,0.000000
1.700000,0.000007,0.000000
1.700000,0.000004,0.000002
1.800000,0.000003,0.000002
1.800000,0.000002,0.000003
1.800000,0.000002,0.000003
1.800000,0.000001,0.000003
1.800000,0.000001,0.000004
1.800000,0.000003,0.000004
1.800000,0.000004,0.000005
1.800000,0.000006,0.000005
1.900000,0.000007,0.000006
1.900000,0.000008,0.000006
1.900000,0.000010,0.000007
1.900000,0.000012,0.000008
1.900000,0.000013,0.000009
1.900000,0.000015,0.000010
1.900000,0.000017,0.000011
2.000000,0.000019,0.000012
2.000000,0.000020,0.000013
2.000000,0.000022,0.000015
2.000000,0.000024,0.000015
2.000000,0.000025,0.000016
2.000000,0.000026,0.000017
2.000000,0.000028,0.000018
2.000000,0.000029,0.000019
2.000000,0.000031,0.000019
2.100000,0.000031,0.000020
2.100000,0.000033,0.000021
2.100000,0.000035,0.000022
2.100000,0.000037,0.000023
2.100000,0.000037,0.000023
2.100000,0.000039,0.000025
2.100000,0.000041,0.000026
2.100000,0.000040,0.000025
2.200000,0.000041,0.000026
2.200000,0.000042,0.000027
2.200000,0.000043,0.000027
2.200000,0.000041,0.000026
2.200000,0.000042,0.000027
2.200000,0.000042,0.000027
2.200000,0.000043,0.000028
2.200000,0.000042,0.000027
2.300000,0.000040,0.000026
2.300000,0.000040,0.000026
2.300000,0.000036,0.000024
2.300000,0.000035,0.000024
2.300000,0.000035,0.000023
2.300000,0.000030,0.000021
2.300000,0.000029,0.000020
2.300000,0.000028,0.000020
2.300000,0.000026,0.000019
2.400000,0.000020,0.000015
2.400000,0.000019,0.000015
2.400000,0.000017,0.000013
2.400000,0.000010,0.000009
2.400000,0.000008,0.000008
2.400000,0.000006,0.000007
2.400000,0.000005,0.000006
2.500000,0.000002,0.000002
2.500000,0.000003,0.000001
2.500000,0.000005,0.000000
2.500000,0.000006,0.000001
2.500000,0.000008,0.000002
2.500000,0.000014,0.000005
2.500000,0.000015,0.000005
2.500000,0.000021,0.000009
2.600000,0.000022,0.000009
2.600000,0.000023,0.000009
2.600000,0.000024,0.000009
2.600000,0.000028,0.000012
2.600000,0.000029,0.000013
2.600000,0.000030,0.000014
2.600000,0.000030,0.000014
2.700000,0.000033,0.000016
2.700000,0.000033,0.000017
2.700000,0.000034,0.000017
2.700000,0.000035,0.000018
2.700000,0.000035,0.000018
2.700000,0.000035,0.000018
2.700000,0.000035,0.000018
2.700000,0.000035,0.000018
2.800000,0.000035,0.000018
2.800000,0.000035,0.000018
2.800000,0.000033,0.000017
2.800000,0.000033,0.000017
2.800000,0.000032,0.000017
2.800000,0.000029,0.000015
2.800000,0.000029,0.000015
2.900000,0.000027,0.000013
2.900000,0.000026,0.000013
2.900000,0.000021,0.000011
2.900000,0.000020,0.000010
2.900000,0.000019,0.000009
2.900000,0.000017,0.000008
3.000000,0.000011,0.000005
3.000000,0.000009,0.000003
3.000000,0.000008,0.000002
3.000000,0.000002,0.000001
3.000000,0.000001,0.000002
3.000000,0.000001,0.000003
3.000000,0.000003,0.000004
3.100000,0.000008,0.000007
3.100000,0.000009,0.000008
3.100000,0.000011,0.000009
3.100000,0.000016,0.000012
3.100000,0.000017,0.000013
3.100000,0.000017,0.000013
3.100000,0.000018,0.000014
3.100000,0.000022,0.000015
3.200000,0.000022,0.000015
3.200000,0.000022,0.000015
3.200000,0.000025,0.000015
3.200000,0.000024,0.000015
3.200000,0.000024,0.000015
3.200000,0.000026,0.000016
3.200000,0.000025,0.000016
3.200000,0.000024,0.000015
3.300000,0.000023,0.000014
3.300000,0.000024,0.000016
3.300000,0.000023,0.000015
3.300000,0.000022,0.000014
3.300000,0.000021,0.000014
3.300000,0.000020,0.000013
3.300000,0.000019,0.000013
3.300000,0.000018,0.000012
3.400000,0.000017,0.000011
3.400000,0.000016,0.000011
3.400000,0.000016,0.000010
3.400000,0.000015,0.000010
3.400000,0.000014,0.000009
3.400000,0.000013,0.000008
3.400000,0.000013,0.000008
3.400000,0.000012,0.000007
3.400000,0.000011,0.000007
3.500000,0.000011,0.000007
3.500000,0.000010,0.000007
3.500000,0.000009,0.000007
3.500000,0.000009,0.000006
3.500000,0.000008,0.000006
3.500000,0.000008,0.000006
3.500000,0.000007,0.000004
3.500000,0.000007,0.000004
3.600000,0.000007,0.000004
3.600000,0.000007,0.000004
3.600000,0.000006,0.000004
3.600000,0.000005,0.000003
3.600000,0.000005,0.000004
3.600000,0.000006,0.000004
3.600000,0.000004,0.000003
3.600000,0.000004,0.000003
3.700000,0.000005,0.000003
3.700000,0.000005,0.000003
3.700000,0.000003,0.000002
3.700000,0.000004,0.000003
3.700000,0.000005,0.000003
3.700000,0.000006,0.000004
3.700000,0.000004,0.000003
3.800000,0.000005,0.000003
3.800000,0.000006,0.000004
3.800000,0.000003,0.000002
3.800000,0.000004,0.000003
3.800000,0.000005,0.000003
3.800000,0.000006,0.000004
3.800000,0.000007,0.000004
3.800000,0.000004,0.000002
3.800000,0.000004,0.000002
3.900000,0.000005,0.000003
3.900000,0.000005,0.000003
3.900000,0.000006,0.000003
3.900000,0.000004,0.000002
3.900000,0.000002,0.000001
3.900000,0.000002,0.000001
4.000000,0.000002,0.000001
4.000000,0.000002,0.000001
4.000000,0.000003,0.000002
4.000000,0.000004,0.000002
4.000000,0.000006,0.000004
4.000000,0.000007,0.000004
4.000000,0.000008,0.000005
4.100000,0.000009,0.000006
4.100000,0.000010,0.000006
4.100000,0.000011,0.000007
4.100000,0.000012,0.000007
4.100000,0.000012,0.000007
4.100000,0.000012,0.000008
4.100000,0.000013,0.000008
4.100000,0.000013,0.000008
4.200000,0.000014,0.000009
4.200000,0.000014,0.000009
4.200000,0.000015,0.000009
4.200000,0.000007,0.000004
4.200000,0.000007,0.000004
4.200000,0.000004,0.000002
4.200000,0.000004,0.000002
4.300000,0.000003,0.000002
4.300000,0.000003,0.000002
4.300000,0.000000,0.000000
4.300000,0.000000,0.000000
4.300000,0.000003,0.000002
4.300000,0.000003,0.000003
4.300000,0.000004,0.000003
4.300000,0.000006,0.000004
4.400000,0.000007,0.000005
4.400000,0.000008,0.000005
4.400000,0.000008,0.000005
4.400000,0.000009,0.000006
4.400000,0.000012,0.000007
4.400000,0.000012,0.000007
4.400000,0.000013,0.000007
4.400000,0.000014,0.000008
4.500000,0.000014,0.000009
4.500000,0.000015,0.000009
4.500000,0.000015,0.000009
4.500000,0.000015,0.000009
4.500000,0.000014,0.000008
4.500000,0.000014,0.000008
4.500000,0.000014,0.000008
4.600000,0.000013,0.000008
4.600000,0.000013,0.000008
4.600000,0.000012,0.000007
4.600000,0.000012,0.000007
4.600000,0.000012,0.000007
4.600000,0.000011,0.000007
4.600000,0.000011,0.000006
4.600000,0.000010,0.000006
4.700000,0.000003,0.000002
4.700000,0.000002,0.000002
4.700000,0.000002,0.000001
4.700000,0.000001,0.000000
4.700000,0.000002,0.000001
4.700000,0.000003,0.000001
4.700000,0.000003,0.000001
4.800000,0.000008,0.000004
4.800000,0.000008,0.000004
4.800000,0.000009,0.000004
4.800000,0.000009,0.000004
4.800000,0.000009,0.000004
4.800000,0.000010,0.000005
4.800000,0.000010,0.000005
4.800000,0.000010,0.000005
4.900000,0.000009,0.000005
4.900000,0.000009,0.000004
4.900000,0.000008,0.000004
4.900000,0.000008,0.000004
4.900000,0.000006,0.000003
4.900000,0.000006,0.000002
4.900000,0.000005,0.000002
4.900000,0.000005,0.000002
5.000000,0.000005,0.000002
5.000000,0.000004,0.000002
5.000000,0.000004,0.000001
5.000000,0.000001,0.000001
5.000000,0.000001,0.000002
5.000000,0.000001,0.000002
5.000000,0.000004,0.000003
5.000000,0.000004,0.000003
5.100000,0.000006,0.000004
5.100000,0.000006,0.000005
5.100000,0.000006,0.000005
5.100000,0.000008,0.000006
5.100000,0.000008,0.000006
5.100000,0.000007,0.000006
5.100000,0.000008,0.000006
5.100000,0.000008,0.000006
5.200000,0.000008,0.000005
5.200000,0.000008,0.000005
5.200000,0.000008,0.000005
5.200000,0.000007,0.000005
5.200000,0.000007,0.000005
5.200000,0.000006,0.000005
5.200000,0.000005,0.000004
5.200000,0.000005,0.000004
5.200000,0.000005,0.000004
5.300000,0.000003,0.000003
5.300000,0.000003,0.000003
5.300000,0.000003,0.000003
5.300000,0.000002,0.000003
5.300000,0.000000,0.000001
5.300000,0.000000,0.000001
5.300000,0.000002,0.000000
5.300000,0.000002,0.000000
5.400000,0.000002,0.000000
5.400000,0.000004,0.000001
5.400000,0.000004,0.000001
5.400000,0.000004,0.000001
5.400000,0.000004,0.000001
5.400000,0.000004,0.000001
5.400000,0.000004,0.000000
5.500000,0.000003,0.000000
5.500000,0.000006,0.000002
5.500000,0.000005,0.000001
5.500000,0.000005,0.000001
5.500000,0.000005,0.000001
5.500000,0.000005,0.000001
5.500000,0.000005,0.000001
5.500000,0.000003,0.000000
5.600000,0.000002,0.000001
5.600000,0.000001,0.000001
5.600000,0.000001,0.000001
5.600000,0.000001,0.000001
5.600000,0.000000,0.000002
5.600000,0.000001,0.000002
5.600000,0.000001,0.000002
5.600000,0.000002,0.000003
5.600000,0.000002,0.000003
5.600000,0.000002,0.000003
5.700000,0.000004,0.000004
5.700000,0.000004,0.000004
5.700000,0.000004,0.000004
5.700000,0.000004,0.000004
5.700000,0.000005,0.000004
5.700000,0.000004,0.000004
5.700000,0.000005,0.000004
5.700000,0.000005,0.000004
5.800000,0.000004,0.000004
5.800000,0.000004,0.000004
5.800000,0.000004,0.000004
5.800000,0.000003,0.000004
5.800000,0.000003,0.000003
5.800000,0.000002,0.000003
5.800000,0.000002,0.000003
5.800000,0.000002,0.000003
5.900000,0.000001,0.000003
5.900000,0.000000,0.000002
5.900000,0.000000,0.000002
5.900000,0.000000,0.000002
5.900000,0.000001,0.000001
5.900000,0.000001,0.000001
5.900000,0.000002,0.000001
5.900000,0.000003,0.000000
5.900000,0.000003,0.000000
6.000000,0.000003,0.000000
6.000000,0.000003,0.000000
6.000000,0.000003,0.000000
6.000000,0.000003,0.000000
6.000000,0.000003,0.000000
6.000000,0.000004,0.000000
6.000000,0.000004,0.000000
6.000000,0.000004,0.000000
6.100000,0.000003,0.000000
6.100000,0.000003,0.000000
6.100000,0.000003,0.000000
6.100000,0.000003,0.000001
6.100000,0.000002,0.000001
6.100000,0.000002,0.000001
6.100000,0.000001,0.000002
6.100000,0.000001,0.000002
6.100000,0.000001,0.000002
6.200000,0.000000,0.000002
6.200000,0.000001,0.000002
6.200000,0.000001,0.000002
6.200000,0.000001,0.000002
6.200000,0.000001,0.000003
6.200000,0.000002,0.000003
6.200000,0.000003,0.000003
6.200000,0.000003,0.000003
6.300000,0.000003,0.000003
6.300000,0.000003,0.000003
6.300000,0.000003,0.000004
6.300000,0.000003,0.000004
6.300000,0.000003,0.000004
6.300000,0.000003,0.000004
6.300000,0.000003,0.000003
6.300000,0.000003,0.000003
6.400000,0.000003,0.000003
6.400000,0.000002,0.000003
6.400000,0.000002,0.000003
6.400000,0.000002,0.000003
6.400000,0.000002,0.000003
6.400000,0.000002,0.000003
6.400000,0.000001,0.000002
6.400000,0.000000,0.000002
6.400000,0.000000,0.000002
6.500000,0.000000,0.000002
6.500000,0.000000,0.000002
6.500000,0.000001,0.000001
6.500000,0.000001,0.000001
6.500000,0.000001,0.000001
6.500000,0.000002,0.000001
6.500000,0.000002,0.000001
6.500000,0.000002,0.000001
6.600000,0.000002,0.000001
6.600000,0.000002,0.000001
6.600000,0.000002,0.000001
6.600000,0.000002,0.000001
6.600000,0.000002,0.000001
6.600000,0.000002,0.000001
6.600000,0.000002,0.000001
6.600000,0.000002,0.000001
6.600000,0.000002,0.000001
6.700000,0.000002,0.000001
6.700000,0.000002,0.000001
6.700000,0.000001,0.000001
6.700000,0.000001,0.000001
6.700000,0.000001,0.000001
6.700000,0.000001,0.000002
6.700000,0.000001,0.000002
6.800000,0.000000,0.000002
6.800000,0.000001,0.000002
6.800000,0.000001,0.000002
6.800000,0.000001,0.000002
6.800000,0.000001,0.000003
6.800000,0.000001,0.000003
6.800000,0.000001,0.000003
6.900000,0.000001,0.000003
6.900000,0.000002,0.000003
6.900000,0.000002,0.000003
6.900000,0.000002,0.000003
6.900000,0.000002,0.000003
6.900000,0.000002,0.000003
6.900000,0.000002,0.000003
6.900000,0.000002,0.000003
7.000000,0.000001,0.000003
7.000000,0.000001,0.000003
7.000000,0.000001,0.000003
7.000000,0.000001,0.000003
7.000000,0.000001,0.000003
7.000000,0.000001,0.000003
7.000000,0.000001,0.000003
7.100000,0.000001,0.000002
7.100000,0.000001,0.000002
7.100000,0.000001,0.000002
7.100000,0.000001,0.000002
7.100000,0.000001,0.000002
7.100000,0.000001,0.000002
7.100000,0.000001,0.000002
7.100000,0.000001,0.000002
7.200000,0.000001,0.000002
7.200000,0.000001,0.000001
7.200000,0.000001,0.000001
7.200000,0.000001,0.000001
7.200000,0.000001,0.000001
7.200000,0.000001,0.000001
7.200000,0.000001,0.000001
7.200000,0.000001,0.000002
7.300000,0.000001,0.000002
7.300000,0.000001,0.000002
7.300000,0.000001,0.000002
7.300000,0.000000,0.000002
7.300000,0.000000,0.000002
7.300000,0.000000,0.000002
7.300000,0.000000,0.000002
7.300000,0.000000,0.000002
7.400000,0.000000,0.000002
7.400000,0.000001,0.000002
7.400000,0.000001,0.000002
7.400000,0.000001,0.000002
7.400000,0.000001,0.000002
7.400000,0.000001,0.000002
7.400000,0.000001,0.000003
7.500000,0.000001,0.000003
7.500000,0.000001,0.000003
7.500000,0.000001,0.000003
7.500000,0.000001,0.000003
7.500000,0.000001,0.000003
7.500000,0.000001,0.000003
7.500000,0.000001,0.000003
7.500000,0.000001,0.000003
7.500000,0.000001,0.000002
7.600000,0.000001,0.000002
7.600000,0.000001,0.000002
7.600000,0.000001,0.000002
7.600000,0.000001,0.000002
7.600000,0.000000,0.000002
7.600000,0.000000,0.000002
7.600000,0.000000,0.000002
7.600000,0.000000,0.000002
7.600000,0.000000,0.000002
7.700000,0.000000,0.000002
7.700000,0.000001,0.000002
7.700000,0.000001,0.000002
7.700000,0.000001,0.000002
7.700000,0.000001,0.000001
7.700000,0.000001,0.000002
7.700000,0.000001,0.000001
7.700000,0.000001,0.000001
7.800000,0.000001,0.000002
7.800000,0.000001,0.000001
7.800000,0.000001,0.000002
7.800000,0.000001,0.000002
7.800000,0.000001,0.000002
7.800000,0.000001,0.000002
7.800000,0.000000,0.000002
7.800000,0.000000,0.000002
7.900000,0.000000,0.000002
7.900000,0.000000,0.000002
7.900000,0.000000,0.000002
7.900000,0.000000,0.000002
7.900000,0.000000,0.000002
7.900000,0.000000,0.000002
7.900000,0.000000,0.000002
8.000000,0.000000,0.000002
8.000000,0.000001,0.000002
8.000000,0.000001,0.000002
8.000000,0.000001,0.000002
8.000000,0.000001,0.000002
8.000000,0.000001,0.000002
8.000000,0.000001,0.000002
8.000000,0.000001,0.000002
8.100000,0.000001,0.000002
8.100000,0.000001,0.000002
8.100000,0.000000,0.000002
8.100000,0.000000,0.000002
8.100000,0.000000,0.000002
8.100000,0.000000,0.000002
8.100000,0.000000,0.000002
8.100000,0.000000,0.000002
8.200000,0.000000,0.000002
8.200000,0.000000,0.000002
8.200000,0.000000,0.000002
8.200000,0.000000,0.000002
8.200000,0.000000,0.000002
8.200000,0.000000,0.000002
8.200000,0.000000,0.000002
8.200000,0.000000,0.000002
8.200000,0.000000,0.000002
8.300000,0.000000,0.000002
8.300000,0.000000,0.000002
8.300000,0.000000,0.000002
8.300000,0.000000,0.000002
8.300000,0.000000,0.000002
8.300000,0.000000,0.000002
8.300000,0.000000,0.000002
8.300000,0.000000,0.000002
8.300000,0.000000,0.000002
8.400000,0.000000,0.000002
8.400000,0.000000,0.000002
8.400000,0.000000,0.000002
8.400000,0.000000,0.000002
8.400000,0.000000,0.000002
8.400000,0.000000,0.000002
8.400000,0.000000,0.000002
8.400000,0.000000,0.000002
8.500000,0.000000,0.000002
8.500000,0.000000,0.000002
8.500000,0.000000,0.000002
8.500000,0.000000,0.000002
8.500000,0.000000,0.000002
8.500000,0.000000,0.000002
8.600000,0.000000,0.000002
8.600000,0.000000,0.000002
8.600000,0.000000,0.000002
8.600000,0.000000,0.000002
8.600000,0.000000,0.000002
8.600000,0.000000,0.000002
8.600000,0.000000,0.000002
8.700000,0.000000,0.000002
8.700000,0.000000,0.000002
8.700000,0.000000,0.000002
8.700000,0.000000,0.000002
8.700000,0.000000,0.000002
8.700000,0.000000,0.000002
8.700000,0.000000,0.000002
8.700000,0.000000,0.000002
8.800000,0.000000,0.000002
8.800000,0.000000,0.000002
8.800000,0.000000,0.000002
8.800000,0.000000,0.000002
8.800000,0.000000,0.000002
8.800000,0.000000,0.000002
8.800000,0.000000,0.000002
8.800000,0.000000,0.000002
8.900000,0.000000,0.000002
8.900000,0.000000,0.000002
8.900000,0.000000,0.000002
8.900000,0.000000,0.000002
8.900000,0.000000,0.000002
8.900000,0.000000,0.000002
8.900000,0.000000,0.000002
8.900000,0.000000,0.000002
9.000000,0.000000,0.000002
9.000000,0.000000,0.000002
9.000000,0.000000,0.000002
9.000000,0.000000,0.000002
9.000000,0.000000,0.000002
9.000000,0.000000,0.000002
9.000000,0.000000,0.000002
9.000000,0.000000,0.000002
9.100000,0.000000,0.000002
9.100000,0.000000,0.000002
9.100000,0.000000,0.000002
9.100000,0.000000,0.000002
9.100000,0.000000,0.000002
9.100000,0.000000,0.000002
9.100000,0.000000,0.000002
9.200000,0.000000,0.000002
9.200000,0.000000,0.000002
9.200000,0.000000,0.000002
9.200000,0.000000,0.000002
9.200000,0.000000,0.000002
9.200000,0.000000,0.000002
9.200000,0.000000,0.000002
9.200000,0.000000,0.000002
9.300000,0.000000,0.000002
9.300000,0.000000,0.000002
9.300000,0.000000,0.000002
9.300000,0.000000,0.000002
9.300000,0.000000,0.000002
9.300000,0.000000,0.000002
9.300000,0.000000,0.000002
9.300000,0.000000,0.000002
9.400000,0.000000,0.000002
9.400000,0.000000,0.000002
9.400000,0.000000,0.000002
9.400000,0.000000,0.000002
9.400000,0.000000,0.000002
9.400000,0.000000,0.000002
9.400000,0.000000,0.000002
9.500000,0.000000,0.000002
9.500000,0.000000,0.000002
9.500000,0.000000,0.000002
9.500000,0.000000,0.000002
9.500000,0.000000,0.000002
9.500000,0.000000,0.000002
9.500000,0.000000,0.000002
9.500000,0.000000,0.000002
9.600000,0.000000,0.000002
9.600000,0.000000,0.000002
9.600000,0.000000,0.000002
9.600000,0.000000,0.000002
9.600000,0.000000,0.000002
9.600000,0.000000,0.000002
9.600000,0.000000,0.000002
9.600000,0.000000,0.000002
9.600000,0.000000,0.000002
9.700000,0.000000,0.000002
9.700000,0.000000,0.000002
9.700000,0.000000,0.000002
9.700000,0.000000,0.000002
9.700000,0.000000,0.000002
9.700000,0.000000,0.000002
9.700000,0.000000,0.000002
9.700000,0.000000,0.000002
9.800000,0.000000,0.000002
9.800000,0.000000,0.000002
9.800000,0.000000,0.000002
9.800000,0.000000,0.000002
9.800000,0.000000,0.000002
9.800000,0.000000,0.000002
9.800000,0.000000,0.000002
9.900000,0.000000,0.000002
9.900000,0.000000,0.000002
9.900000,0.000000,0.000002
9.900000,0.000000,0.000002
9.900000,0.000000,0.000002
9.900000,0.000000,0.000002
9.900000,0.000000,0.000002
9.900000,0.000000,0.000002
10.000000,0.000000,0.000002
10.000000,0.000000,0.000002
10.000000,0.000000,0.000002
10.000000,0.000000,0.000002
10.000000,0.000000,0.000002
10.000000,0.000000,0.000002
10.000000,0.000000,0.000002
10.000000,0.000000,0.000002
10.000000,0.000000,0.000002
10.100000,0.000000,0.000002
10.100000,0.000000,0.000002
10.100000,0.000000,0.000002
10.100000,0.000000,0.000002
10.100000,0.000000,0.000002
10.100000,0.000000,0.000002
10.100000,0.000000,0.000002
10.200000,0.000000,0.000002
10.200000,0.000000,0.000002
10.200000,0.000000,0.000002
10.200000,0.000000,0.000002
10.200000,0.000000,0.000002
10.200000,0.000000,0.000002
10.200000,0.000000,0.000002
10.200000,0.000000,0.000002
10.300000,0.000000,0.000002
10.300000,0.000000,0.000002
10.300000,0.000000,0.000002
10.300000,0.000000,0.000002
10.300000,0.000000,0.000002
10.300000,0.000000,0.000002
10.300000,0.000000,0.000002
10.300000,0.000000,0.000002
10.400000,0.000000,0.000002
10.400000,0.000000,0.000002
10.400000,0.000000,0.000002
10.400000,0.000000,0.000002
10.400000,0.000000,0.000002
10.400000,0.000000,0.000002
10.400000,0.000000,0.000002
10.500000,0.000000,0.000002
10.500000,0.000000,0.000002
10.500000,0.000000,0.000002
10.500000,0.000000,0.000002
10.500000,0.000000,0.000002
10.500000,0.000000,0.000002
10.500000,0.000000,0.000002
10.500000,0.000000,0.000002
10.600000,0.000000,0.000002
10.600000,0.000000,0.000002
10.600000,0.000000,0.000002
10.600000,0.000000,0.000002
10.600000,0.000000,0.000002
10.600000,0.000000,0.000002
10.600000,0.000000,0.000002
10.600000,0.000000,0.000002
10.600000,0.000000,0.000002
10.700000,0.000000,0.000002
10.700000,0.000000,0.000002
10.700000,0.000000,0.000002
10.700000,0.000000,0.000002
10.700000,0.000000,0.000002
10.700000,0.000000,0.000002
10.700000,0.000000,0.000002
10.800000,0.000000,0.000002
10.800000,0.000000,0.000002
10.800000,0.000000,0.000002
10.800000,0.000000,0.000002
10.800000,0.000000,0.000002
10.800000,0.000000,0.000002
10.800000,0.000000,0.000002
10.900000,0.000000,0.000002
10.900000,0.000000,0.000002
10.900000,0.000000,0.000002
10.900000,0.000000,0.000002
10.900000,0.000000,0.000002
10.900000,0.000000,0.000002
10.900000,0.000000,0.000002
10.900000,0.000000,0.000002
10.900000,0.000000,0.000002
11.000000,0.000000,0.000002
11.000000,0.000000,0.000002
11.000000,0.000000,0.000002
11.000000,0.000000,0.000002
11.000000,0.000000,0.000002
11.000000,0.000000,0.000002
11.000000,0.000000,0.000002
11.000000,0.000000,0.000002
11.100000,0.000000,0.000002
11.100000,0.000000,0.000002
11.100000,0.000000,0.000002
11.100000,0.000000,0.000002
11.100000,0.000000,0.000002
11.100000,0.000000,0.000002
11.100000,0.000000,0.000002
11.200000,0.000000,0.000002
11.200000,0.000000,0.000002
11.200000,0.000000,0.000002
11.200000,0.000000,0.000002
11.200000,0.000000,0.000002
11.200000,0.000000,0.000002
11.300000,0.000000,0.000002
11.300000,0.000000,0.000002
11.300000,0.000000,0.000002
11.300000,0.000000,0.000002
11.300000,0.000000,0.000002
11.300000,0.000000,0.000002
11.300000,0.000000,0.000002
11.300000,0.000000,0.000002
11.400000,0.000000,0.000002
11.400000,0.000000,0.000002
11.400000,0.000000,0.000002
11.400000,0.000000,0.000002
11.400000,0.000000,0.000002
11.400000,0.000000,0.000002
11.400000,0.000000,0.000002
11.400000,0.000000,0.000002
11.500000,0.000000,0.000002
11.500000,0.000000,0.000002
11.500000,0.000000,0.000002
11.500000,0.000000,0.000002
11.500000,0.000000,0.000002
11.500000,0.000000,0.000002
11.500000,0.000000,0.000002
11.600000,0.000000,0.000002
11.600000,0.000000,0.000002
11.600000,0.000000,0.000002
11.600000,0.000000,0.000002
11.600000,0.000000,0.000002
11.600000,0.000000,0.000002
11.600000,0.000000,0.000002
11.600000,0.000000,0.000002
11.600000,0.000000,0.000002
11.700000,0.000000,0.000002
11.700000,0.000000,0.000002
11.700000,0.000000,0.000002
11.700000,0.000000,0.000002
11.700000,0.000000,0.000002
11.700000,0.000000,0.000002
11.700000,0.000000,0.000002
11.700000,0.000000,0.000002
11.800000,0.000000,0.000002
11.800000,0.000000,0.000002
11.800000,0.000000,0.000002
11.800000,0.000000,0.000002
11.800000,0.000000,0.000002
11.800000,0.000000,0.000002
11.800000,0.000000,0.000002
11.800000,0.000000,0.000002
11.900000,0.000000,0.000002
11.900000,0.000000,0.000002
11.900000,0.000000,0.000002
11.900000,0.000000,0.000002
11.900000,0.000000,0.000002
11.900000,0.000000,0.000002
11.900000,0.000000,0.000002
11.900000,0.000000,0.000002
12.000000,0.000000,0.000002
12.000000,0.000000,0.000002
12.000000,0.000000,0.000002
12.000000,0.000000,0.000002
12.000000,0.000000,0.000002
12.000000,0.000000,0.000002
12.000000,0.000000,0.000002
12.100000,0.000000,0.000002
12.100000,0.000000,0.000002
12.100000,0.000000,0.000002
12.100000,0.000000,0.000002
12.100000,0.000000,0.000002
12.100000,0.000000,0.000002
12.100000,0.000000,0.000002
12.100000,0.000000,0.000002
12.200000,0.000000,0.000002
12.200000,0.000000,0.000002
12.200000,0.000000,0.000002
12.200000,0.000000,0.000002
12.200000,0.000000,0.000002
12.200000,0.000000,0.000002
12.200000,0.000000,0.000002
12.200000,0.000000,0.000002
12.300000,0.000000,0.000002
12.300000,0.000000,0.000002
12.300000,0.000000,0.000002
12.300000,0.000000,0.000002
12.300000,0.000000,0.000002
12.300000,0.000000,0.000002
12.300000,0.000000,0.000002
12.300000,0.000000,0.000002
12.400000,0.000000,0.000002
12.400000,0.000000,0.000002
12.400000,0.000000,0.000002
12.400000,0.000000,0.000002
12.400000,0.000000,0.000002
12.400000,0.000000,0.000002
12.400000,0.000000,0.000002
12.400000,0.000000,0.000002
12.400000,0.000000,0.000002
12.500000,0.000000,0.000002
12.500000,0.000000,0.000002
12.500000,0.000000,0.000002
12.500000,0.000000,0.000002
12.500000,0.000000,0.000002
12.500000,0.000000,0.000002
12.500000,0.000000,0.000002
12.500000,0.000000,0.000002
12.600000,0.000000,0.000002
12.600000,0.000000,0.000002
12.600000,0.000000,0.000002
12.600000,0.000000,0.000002
12.600000,0.000000,0.000002
12.600000,0.000000,0.000002
12.600000,0.000000,0.000002
12.700000,0.000000,0.000002
12.700000,0.000000,0.000002
12.700000,0.000000,0.000002
12.700000,0.000000,0.000002
12.700000,0.000000,0.000002
12.700000,0.000000,0.000002
12.700000,0.000000,0.000002
12.700000,0.000000,0.000002
12.800000,0.000000,0.000002
12.800000,0.000000,0.000002
12.800000,0.000000,0.000002
12.800000,0.000000,0.000002
12.800000,0.000000,0.000002
12.800000,0.000000,0.000002
12.800000,0.000000,0.000002
12.800000,0.000000,0.000002
12.900000,0.000000,0.000002
12.900000,0.000000,0.000002
12.900000,0.000000,0.000002
12.900000,0.000000,0.000041
12.900000,0.000000,0.003918
12.900000,0.000001,0.023725
12.900000,0.000003,0.086705
13.000000,0.000004,0.139873
13.000000,0.000006,0.189680
13.000000,0.000008,0.242342
13.000000,0.000009,0.278297
13.000000,0.000010,0.319835
13.000000,0.000012,0.359488
13.000000,0.000014,0.428329
13.000000,0.000017,0.512099
13.100000,0.000021,0.633341
13.100000,0.000023,0.717457
13.100000,0.000027,0.827250
13.100000,0.000030,0.926777
13.100000,0.000033,0.996779
13.100000,0.000035,1.056624
13.100000,0.000037,1.116596
13.200000,0.000039,1.183301
13.200000,0.000041,1.262443
13.200000,0.000043,1.306946
13.200000,0.000046,1.396710
13.200000,0.000048,1.471563
13.200000,0.000051,1.554107
13.200000,0.000053,1.626232
13.200000,0.000055,1.685173
13.300000,0.000057,1.738427
13.300000,0.000059,1.803374
13.300000,0.000061,1.864766
13.300000,0.000063,1.933954
13.300000,0.000066,2.010820
13.300000,0.000069,2.088350
13.300000,0.000071,2.176913
13.300000,0.000074,2.252309
13.400000,0.000076,2.328043
13.400000,0.000079,2.394278
13.400000,0.000082,2.497156
13.400000,0.000085,2.576539
13.400000,0.000089,2.726563
13.400000,0.000093,2.842912
13.400000,0.000098,2.982626
13.400000,0.000105,3.190568
13.400000,0.000113,3.446979
13.500000,0.000125,3.815946
13.500000,0.000133,4.056553
13.500000,0.000143,4.346259
13.500000,0.000158,4.805376
13.500000,0.000167,5.089610
13.500000,0.000183,5.562053
13.600000,0.000201,6.132382
13.600000,0.000214,6.513441
13.600000,0.000227,6.923960
13.600000,0.000240,7.299647
13.600000,0.000252,7.686108
13.600000,0.000267,8.124593
13.600000,0.000282,8.582700
13.600000,0.000297,9.052023
13.700000,0.000315,9.593051
13.700000,0.000331,10.086494
13.700000,0.000347,10.566192
13.700000,0.000361,10.978127
13.700000,0.000377,11.476092
13.700000,0.000398,12.113201
13.700000,0.000417,12.695749
13.800000,0.000435,13.244119
13.800000,0.000449,13.679645
13.800000,0.000469,14.281963
13.800000,0.000486,14.809770
13.800000,0.000500,15.217035
13.800000,0.000518,15.785729
13.800000,0.000539,16.430268
13.800000,0.000550,16.750126
13.900000,0.000568,17.297171
13.900000,0.000590,17.956611
13.900000,0.000599,18.238894
13.900000,0.000611,18.589614
13.900000,0.000626,19.079461
13.900000,0.000637,19.417128
13.900000,0.000655,19.952849
13.900000,0.000673,20.491236
14.000000,0.000702,21.402558
14.000000,0.000725,22.096820
14.000000,0.000738,22.498853
14.000000,0.000760,23.172082
14.000000,0.000773,23.590845
14.000000,0.000793,24.187423
14.000000,0.000810,24.702679
14.100000,0.000828,25.267646
14.100000,0.000844,25.764299
14.100000,0.000859,26.216639
14.100000,0.000878,26.821308
14.100000,0.000875,26.947481
14.100000,0.000890,27.223239
14.100000,0.000897,27.076698
14.100000,0.000897,26.840974
14.100000,0.000891,26.416823
14.200000,0.000880,25.922131
14.200000,0.000875,25.622020
14.200000,0.000873,25.510261
14.200000,0.000874,25.604149
14.200000,0.000875,25.765423
14.200000,0.000877,25.925985
14.200000,0.000873,25.885932
14.200000,0.000873,25.910252
14.300000,0.000865,25.630842
14.300000,0.000863,25.459252
14.300000,0.000860,25.332547
14.300000,0.000859,25.253469
14.300000,0.000851,25.031202
14.300000,0.000852,25.074760
14.300000,0.000841,24.780705
14.300000,0.000843,24.877821
14.400000,0.000818,24.885506
14.400000,0.000725,24.282145
14.400000,0.000650,24.220991
14.400000,0.000551,23.732641
14.400000,0.000503,23.453220
14.400000,0.000407,23.480248
14.400000,0.000364,23.502195
14.500000,0.000303,23.531269
14.500000,0.000128,21.868891
14.500000,0.000102,21.866772
14.500000,0.000274,20.776574
14.500000,0.000411,20.757638
14.500000,0.000581,19.652219
14.500000,0.000740,19.653543
14.600000,0.000900,19.665181
14.600000,0.001076,18.467028
14.600000,0.001256,18.474799
14.600000,0.001385,17.874662
14.600000,0.001514,17.271284
14.600000,0.001672,16.075336
14.600000,0.001802,16.069589
14.700000,0.001892,16.067144
14.700000,0.002002,16.066326
14.700000,0.002122,16.067952
14.700000,0.002232,16.070865
14.700000,0.002382,16.075023
14.700000,0.002512,16.077265
14.700000,0.002642,16.077547
14.700000,0.002812,16.075517
14.800000,0.003107,10.670232
14.800000,0.003367,10.667894
14.800000,0.003610,10.130786
14.800000,0.003924,9.264448
14.800000,0.004224,9.265915
14.800000,0.004548,9.266841
14.900000,0.004899,9.266909
14.900000,0.005199,9.266444
14.900000,0.005345,9.264660
14.900000,0.005465,9.253579
14.900000,0.005813,9.205694
14.900000,0.006661,2.976688
14.900000,0.007155,1.359474
14.900000,0.007635,1.356916
15.000000,0.008235,1.380040
15.000000,0.008783,1.425437
15.000000,0.009349,0.935878
15.000000,0.009996,1.012173
15.000000,0.010532,0.086370
15.000000,0.011374,0.608597
15.000000,0.012196,0.550978
15.000000,0.013003,0.548522
15.100000,0.013770,0.628558
15.100000,0.014482,0.713656
15.100000,0.015468,0.836568
15.100000,0.016126,0.914501
15.100000,0.016896,0.537130
15.100000,0.017733,0.612700
15.100000,0.018391,0.668883
15.200000,0.019288,0.830198
15.200000,0.020125,0.905659
15.200000,0.021142,0.998142
15.200000,0.022114,1.089038
15.200000,0.023086,1.180490
15.200000,0.024120,1.454111
15.200000,0.024706,1.367920
15.300000,0.025419,1.429595
15.300000,0.026197,1.495813
15.300000,0.026941,1.680823
15.300000,0.027919,1.759322
15.300000,0.028796,1.894557
15.300000,0.029703,1.970352
15.300000,0.030611,2.046514
15.400000,0.031798,2.151309
15.400000,0.032646,2.176781
15.400000,0.033642,2.264722
15.400000,0.034499,2.357721
15.400000,0.035673,2.565052
15.400000,0.037027,2.735886
15.400000,0.037802,2.871631
15.500000,0.039076,3.033773
15.500000,0.040089,3.196751
15.500000,0.041283,3.373533
15.500000,0.042317,3.532712
15.500000,0.043090,3.713334
15.500000,0.044044,3.856653
15.500000,0.044999,3.995095
15.600000,0.045971,4.182178
15.600000,0.046488,4.260133
15.600000,0.047363,4.380841
15.600000,0.048058,4.517962
15.600000,0.048932,4.642836
15.600000,0.050046,4.804977
15.600000,0.050978,4.989073
15.700000,0.052011,5.141341
15.700000,0.052784,5.308614
15.700000,0.053897,5.468575
15.700000,0.054739,5.661548
15.700000,0.056011,5.842360
15.700000,0.057124,6.001645
15.700000,0.057796,6.193814
15.800000,0.058988,6.366994
15.800000,0.059745,6.575017
15.800000,0.060603,6.724489
15.800000,0.061636,6.873234
15.800000,0.062748,7.032923
15.800000,0.064019,7.215319
15.800000,0.063350,7.489328
15.900000,0.064303,7.626728
15.900000,0.065415,7.787384
15.900000,0.066686,7.971194
15.900000,0.067797,8.131932
15.900000,0.069464,8.372571
15.900000,0.070337,8.498426
15.900000,0.066204,8.252349
16.000000,0.067474,8.435390
16.000000,0.068347,8.561338
16.000000,0.069378,8.710303
16.000000,0.070648,8.893763
16.000000,0.068280,8.665351
16.000000,0.069311,8.814335
16.000000,0.068472,8.800689
16.100000,0.069662,8.972429
16.100000,0.070773,9.132719
16.100000,0.070092,9.147671
16.100000,0.071440,9.342439
16.100000,0.072471,9.491412
16.100000,0.073581,9.651842
16.100000,0.070138,9.384796
16.200000,0.071486,9.579988
16.200000,0.072676,9.765168
16.200000,0.072794,9.900315
16.200000,0.072933,10.035324
16.200000,0.074120,10.275230
16.200000,0.074911,10.431612
16.200000,0.075781,10.596500
16.300000,0.071763,10.333490
16.300000,0.073109,10.568297
16.300000,0.072269,10.594248
16.300000,0.073534,10.865608
16.300000,0.072098,10.915087
16.300000,0.073362,11.221533
16.300000,0.074309,11.443863
16.400000,0.075415,11.688849
16.400000,0.076678,11.952140
16.400000,0.077863,12.192380
16.400000,0.079126,12.453409
16.400000,0.072226,11.603830
16.400000,0.073331,11.850270
16.500000,0.074594,12.136048
16.500000,0.075698,12.384148
16.500000,0.076724,12.610071
16.500000,0.078065,12.899016
16.500000,0.079405,13.184435
16.500000,0.080823,13.488490
16.500000,0.082084,13.762921
16.600000,0.083265,14.023230
16.600000,0.084209,14.232259
16.600000,0.085310,14.475462
16.600000,0.074459,12.960473
16.600000,0.073882,12.953741
16.600000,0.075054,13.192638
16.600000,0.076311,13.448403
16.700000,0.077148,13.619345
16.700000,0.073018,13.101380
16.700000,0.074428,13.377131
16.700000,0.075935,13.670600
16.700000,0.076822,13.843063
16.700000,0.072591,13.286766
16.700000,0.073478,13.458504
16.800000,0.074808,13.715687
16.800000,0.075961,13.938465
16.800000,0.077315,14.195728
16.800000,0.078626,14.436222
16.800000,0.080310,14.745866
16.800000,0.082460,15.141653
16.900000,0.084488,15.502634
16.900000,0.086160,15.794554
16.900000,0.087538,16.034889
16.900000,0.088914,16.275283
16.900000,0.090620,16.567353
16.900000,0.076377,14.539916
16.900000,0.077620,14.746223
17.000000,0.078966,14.969692
17.000000,0.080622,15.244650
17.000000,0.082175,15.502344
17.000000,0.083520,15.725631
17.000000,0.085323,16.017654
17.000000,0.079015,15.124245
17.100000,0.080751,15.399211
17.100000,0.082596,15.691373
17.100000,0.084006,15.914784
17.100000,0.085199,16.103809
17.100000,0.080711,15.409790
17.100000,0.079556,15.114925
17.100000,0.081727,15.458557
17.200000,0.083790,15.785019
17.200000,0.082605,15.523728
17.200000,0.083829,15.715261
17.200000,0.085294,15.938674
17.200000,0.086996,16.196456
17.200000,0.088924,16.488614
17.200000,0.090852,16.780734
17.300000,0.092232,16.986940
17.300000,0.086000,15.488710
17.300000,0.087422,15.694926
17.300000,0.086763,15.437236
17.300000,0.088304,15.660656
17.300000,0.086934,15.272635
17.300000,0.088594,15.513225
17.300000,0.090134,15.736616
17.400000,0.089830,15.513330
17.400000,0.091018,15.647147
17.400000,0.090038,15.304835
17.400000,0.091273,15.476698
17.400000,0.091440,15.298864
17.400000,0.093416,15.573814
17.500000,0.094897,15.780017
17.500000,0.093894,15.415660
17.500000,0.095564,15.639064
17.500000,0.094304,15.238615
17.500000,0.096231,15.496376
17.500000,0.097643,15.685395
17.500000,0.096472,15.327830
17.500000,0.098527,15.602769
17.600000,0.098794,15.484060
17.600000,0.100566,15.673527
17.600000,0.099261,15.310335
17.600000,0.100595,15.482178
17.600000,0.099720,15.172319
17.600000,0.101320,15.378528
17.600000,0.103321,15.636293
17.700000,0.102312,15.311252
17.700000,0.104179,15.551809
17.700000,0.106188,15.809541
17.700000,0.105087,15.482977
17.700000,0.103983,15.155740
17.700000,0.106196,15.430686
17.800000,0.108132,15.671259
17.800000,0.110345,15.946204
17.800000,0.112832,16.255527
17.800000,0.108691,15.397019
17.800000,0.110840,15.654798
17.800000,0.112988,15.912569
17.900000,0.111623,15.585910
17.900000,0.113342,15.792119
17.900000,0.116062,16.118622
17.900000,0.118510,16.410770
17.900000,0.113855,15.517343
17.900000,0.116819,15.861057
17.900000,0.115063,15.500306
18.000000,0.117286,15.758092
18.000000,0.117559,15.706507
18.000000,0.118642,15.758019
18.000000,0.117628,15.483146
18.000000,0.119554,15.706539
18.000000,0.120740,15.844003
18.000000,0.118984,15.483207
18.100000,0.121059,15.723797
18.100000,0.123429,15.998746
18.100000,0.125947,16.290867
18.100000,0.120787,15.397246
18.100000,0.123010,15.655006
18.100000,0.124788,15.861222
18.200000,0.122864,15.500356
18.200000,0.125383,15.792466
18.200000,0.127605,16.050214
18.200000,0.131011,16.445453
18.200000,0.125345,15.551837
18.200000,0.127883,15.843993
18.300000,0.129568,16.033013
18.300000,0.126774,15.586217
18.300000,0.128646,15.809256
18.300000,0.129790,16.009137
18.300000,0.131212,16.179850
18.300000,0.133318,16.278221
18.300000,0.135529,16.342424
18.400000,0.126074,14.699789
18.400000,0.128578,14.848918
18.400000,0.130746,14.995542
18.400000,0.131578,15.009107
18.400000,0.131486,14.889828
18.400000,0.129947,14.605902
18.400000,0.128623,14.339591
18.500000,0.132188,14.666239
18.500000,0.135370,14.925498
18.500000,0.134463,14.602449
18.500000,0.136696,14.774733
18.500000,0.134857,14.404421
18.500000,0.137769,14.648548
18.500000,0.135529,14.263178
18.600000,0.137609,14.441972
18.600000,0.141562,14.747770
18.600000,0.143472,14.826617
18.600000,0.142447,14.488782
18.600000,0.140806,14.071050
18.600000,0.143425,14.214927
18.600000,0.142221,13.819829
18.700000,0.145059,13.969633
18.700000,0.145386,13.643627
18.700000,0.148662,13.811110
18.700000,0.146856,13.384930
18.700000,0.149259,13.510897
18.700000,0.153192,13.719519
18.700000,0.150949,13.274936
18.800000,0.154009,13.437259
18.800000,0.156414,13.563871
18.800000,0.158818,13.689629
18.800000,0.161659,13.837481
18.800000,0.163844,13.951011
18.800000,0.166467,14.087321
18.800000,0.170182,14.267851
18.800000,0.173023,14.385180
18.900000,0.176302,14.499968
18.900000,0.179582,14.604763
18.900000,0.163128,12.381377
18.900000,0.165318,12.449653
18.900000,0.168604,12.542021
18.900000,0.171670,12.617217
18.900000,0.165104,11.569317
19.000000,0.166851,11.566810
19.000000,0.169701,11.633839
19.000000,0.171893,11.689131
19.000000,0.174085,11.747741
19.000000,0.176934,11.827365
19.000000,0.179564,11.901989
19.000000,0.182632,11.987445
19.000000,0.185043,12.052085
19.100000,0.188549,12.142067
19.100000,0.190740,12.196746
19.100000,0.194685,12.294916
19.100000,0.198847,12.401581
19.100000,0.203010,12.512222
19.100000,0.205201,12.571253
19.100000,0.180341,9.320722
19.200000,0.182658,9.275554
19.200000,0.182915,8.933941
19.200000,0.186205,9.018476
19.200000,0.188837,9.086299
19.200000,0.187497,9.015743
19.200000,0.190349,9.090441
19.200000,0.188303,8.922036
19.300000,0.192472,9.031992
19.300000,0.195324,9.106820
19.300000,0.192901,8.693609
19.300000,0.195973,8.773327
19.300000,0.199045,8.852997
19.300000,0.194173,8.218067
19.300000,0.197465,8.303782
19.400000,0.196649,7.985532
19.400000,0.197736,7.890367
19.400000,0.193443,7.430656
19.400000,0.195638,7.488040
19.400000,0.198272,7.556791
19.400000,0.193370,7.023505
19.400000,0.197102,7.120683
19.500000,0.199957,7.195009
19.500000,0.203470,7.286562
19.500000,0.198783,6.789563
19.500000,0.195067,6.464425
19.500000,0.197702,6.533188
19.500000,0.193106,6.204580
19.500000,0.195522,6.267583
19.500000,0.198157,6.336288
19.600000,0.201451,6.422147
19.600000,0.204745,6.508010
19.600000,0.207161,6.570997
19.600000,0.195987,5.901264
19.600000,0.199501,5.992921
19.600000,0.195339,5.684436
19.600000,0.198413,5.764638
19.700000,0.200390,5.816180
19.700000,0.202805,5.879191
19.700000,0.197763,5.550546
19.700000,0.193158,5.238574
19.700000,0.196013,5.313052
19.700000,0.198867,5.387532
19.700000,0.196235,5.176678
19.800000,0.199968,5.274107
19.800000,0.203261,5.360082
19.800000,0.202601,5.320464
19.800000,0.205456,5.394972
19.800000,0.208749,5.480935
19.800000,0.211602,5.555418
19.800000,0.214676,5.635640
19.900000,0.198422,5.172290
19.900000,0.201935,5.263976
19.900000,0.197541,5.162376
19.900000,0.200176,5.231115
19.900000,0.195783,5.102447
19.900000,0.198637,5.176912
19.900000,0.200394,5.222739
19.900000,0.195343,5.087563
20.000000,0.198197,5.162008
20.000000,0.200613,5.225000
20.000000,0.201491,5.250741
20.000000,0.199076,5.193662
20.000000,0.194905,5.084349
20.000000,0.199078,5.193158
20.000000,0.195346,5.090665
20.100000,0.197543,5.147939
20.100000,0.200837,5.233839
20.100000,0.196228,5.114595
20.100000,0.199742,5.206212
20.100000,0.195791,5.105187
20.100000,0.199085,5.191100
20.100000,0.194696,5.075009
20.200000,0.198868,5.183836
20.200000,0.201723,5.258284
20.200000,0.233193,5.297933
20.200000,0.236926,5.395302
20.200000,0.240221,5.476447
20.200000,0.243296,5.532836
20.200000,0.246592,5.568706
20.300000,0.228326,5.040489
20.300000,0.231182,5.055783
20.300000,0.226415,4.877027
20.300000,0.229051,4.890411
20.300000,0.232566,4.896826
20.300000,0.236301,4.889523
20.300000,0.224567,4.489168
20.400000,0.227642,4.479637
20.400000,0.229838,4.476153
20.400000,0.232696,4.465578
20.400000,0.235112,4.469697
20.400000,0.238626,4.477240
20.400000,0.241920,4.482131
20.400000,0.229735,4.105094
20.400000,0.225181,3.909049
20.500000,0.227376,3.906570
20.500000,0.230230,3.902968
20.500000,0.233743,3.899930
20.500000,0.237695,3.899786
20.500000,0.225288,3.511746
20.500000,0.227702,3.513506
20.500000,0.229897,3.514975
20.500000,0.232092,3.515991
20.600000,0.236043,3.516190
20.600000,0.224292,3.125660
20.600000,0.227364,3.124318
20.600000,0.230874,3.123221
20.600000,0.227411,2.928259
20.600000,0.229824,2.928676
20.600000,0.232238,2.929261
20.700000,0.236407,2.930106
20.700000,0.238602,2.930267
20.700000,0.241016,2.930196
20.700000,0.243869,2.929863
20.700000,0.224250,2.344875
20.700000,0.228417,2.344418
20.700000,0.224720,2.178170
20.800000,0.226261,2.149625
20.800000,0.229989,2.149926
20.800000,0.224103,1.955231
20.800000,0.227172,1.955388
20.800000,0.230461,1.955395
20.800000,0.233970,1.955256
20.800000,0.237698,1.955065
20.900000,0.241865,1.953022
20.900000,0.244278,1.941160
20.900000,0.225065,1.321750
20.900000,0.228354,1.262610
20.900000,0.231863,1.190007
20.900000,0.234933,1.128999
20.900000,0.238662,1.047711
21.000000,0.242610,0.944781
21.000000,0.223374,0.271270
21.000000,0.226881,0.166905
21.000000,0.231264,0.044232
21.000000,0.227111,0.234257
21.000000,0.229302,0.287437
21.100000,0.224927,0.555791
21.100000,0.227336,0.614894
21.100000,0.230840,0.704761
21.100000,0.225587,0.957982
21.100000,0.227338,1.005668
21.100000,0.229528,1.065745
21.100000,0.232593,1.149402
21.100000,0.235001,1.213907
21.200000,0.239380,1.327851
21.200000,0.230829,1.571467
21.200000,0.234768,1.672173
21.200000,0.237831,1.751755
21.200000,0.230591,1.901239
21.200000,0.233435,1.976867
21.200000,0.237373,2.081514
21.300000,0.228147,2.199256
21.300000,0.224628,2.315084
21.300000,0.227688,2.394573
21.300000,0.230092,2.457247
21.300000,0.233808,2.554619
21.300000,0.235994,2.612148
21.400000,0.241022,2.744634
21.400000,0.232675,2.815980
21.400000,0.231130,2.872173
21.400000,0.226949,2.957824
21.400000,0.229351,3.020644
21.400000,0.225168,3.110935
21.400000,0.227570,3.173858
21.500000,0.229972,3.236865
21.500000,0.231719,3.282759
21.500000,0.226660,3.344724
21.500000,0.229935,3.430835
21.500000,0.225311,3.503061
21.500000,0.229240,3.606219
21.500000,0.224397,3.676042
21.500000,0.227888,3.767618
21.600000,0.229634,3.813421
21.600000,0.230928,3.916850
21.600000,0.229590,4.009154
21.600000,0.224743,4.077024
21.600000,0.227361,4.145835
21.600000,0.224476,4.265841
21.700000,0.228621,4.374693
21.700000,0.231458,4.449142
21.700000,0.227262,4.535602
21.700000,0.223720,4.638733
21.700000,0.226556,4.713224
21.700000,0.230046,4.804912
21.700000,0.226502,4.907712
21.800000,0.230428,5.010839
21.800000,0.233700,5.096768
21.800000,0.235209,5.182922
21.800000,0.238481,5.268844
21.800000,0.230311,5.202057
21.800000,0.233364,5.282265
21.900000,0.228941,5.199822
21.900000,0.231776,5.274299
21.900000,0.229314,5.192694
21.900000,0.224672,5.059199
21.900000,0.227942,5.145136
21.900000,0.231431,5.236806
22.000000,0.227225,5.141425
22.000000,0.230059,5.215908
22.000000,0.233329,5.301852
22.000000,0.234406,5.331301
22.000000,0.231303,5.254167
22.000000,0.226442,5.119677
22.000000,0.230148,5.217085
22.100000,0.233854,5.314483
22.100000,0.237996,5.423350
22.100000,0.225440,5.101275
22.100000,0.228491,5.181485
22.100000,0.230888,5.244513
22.100000,0.226899,5.140293
22.100000,0.229950,5.220515
22.200000,0.225961,5.115085
22.200000,0.228794,5.189571
22.200000,0.231191,5.252576
22.200000,0.233583,5.315698
22.200000,0.230688,5.242287
22.200000,0.226699,5.140145
22.200000,0.229750,5.220360
22.300000,0.225543,5.110625
22.300000,0.229465,5.213742
22.300000,0.225040,5.098821
22.300000,0.229179,5.207651
22.300000,0.224537,5.087889
22.300000,0.228676,5.196733
22.400000,0.224472,5.087914
22.400000,0.227304,5.162401
22.400000,0.229916,5.231157
22.400000,0.233620,5.328541
22.400000,0.236888,5.414467
22.400000,0.240374,5.506126
22.400000,0.244079,5.603531
22.500000,0.247784,5.700929
22.500000,0.227969,5.185109
22.500000,0.230583,5.253852
22.500000,0.226811,5.156383
22.500000,0.230078,5.242318
22.500000,0.233781,5.339706
22.600000,0.237484,5.437097
22.600000,0.241188,5.534495
22.600000,0.244238,5.614703
22.600000,0.225732,5.133443
22.600000,0.229652,5.236556
22.600000,0.225880,5.139101
22.700000,0.230234,5.253687
22.700000,0.233283,5.333890
22.700000,0.238074,5.459925
22.700000,0.240252,5.517224
22.700000,0.243737,5.608887
22.700000,0.247658,5.712002
22.700000,0.228061,5.202152
22.800000,0.230891,5.276629
22.800000,0.228446,5.213592
22.800000,0.228860,5.225047
22.800000,0.231908,5.305255
22.800000,0.227264,5.184962
22.800000,0.230094,5.259438
22.800000,0.225669,5.144842
22.800000,0.227628,5.196407
22.900000,0.229804,5.253692
22.900000,0.232634,5.328147
22.900000,0.227991,5.207833
22.900000,0.223348,5.087488
22.900000,0.226395,5.167702
22.900000,0.229877,5.259381
22.900000,0.225017,5.133317
23.000000,0.227845,5.207788
23.000000,0.232633,5.333832
23.000000,0.236551,5.436939
23.000000,0.239163,5.505689
23.000000,0.227264,5.196290
23.000000,0.229657,5.259313
23.000000,0.226102,5.167612
23.100000,0.228713,5.236354
23.100000,0.231977,5.322288
23.100000,0.236547,5.442604
23.100000,0.224867,5.138960
23.100000,0.229000,5.247790
23.200000,0.227185,5.201938
23.200000,0.230666,5.293602
23.200000,0.233059,5.356616
23.200000,0.236105,5.436817
23.200000,0.224860,5.144658
23.200000,0.227252,5.207674
23.200000,0.222827,5.093103
23.300000,0.225654,5.167578
23.300000,0.228047,5.230589
23.300000,0.223187,5.104539
23.300000,0.220502,5.035785
23.300000,0.224633,5.144627
23.300000,0.226372,5.190467
23.300000,0.228982,5.259216
23.300000,0.231156,5.316493
23.400000,0.224310,5.138896
23.400000,0.223393,5.115985
23.400000,0.226654,5.201917
23.400000,0.231002,5.316496
23.400000,0.234699,5.413880
23.400000,0.238179,5.505540
23.500000,0.219250,5.012839
23.500000,0.222075,5.087323
23.500000,0.224248,5.144619
23.500000,0.227726,5.236276
23.500000,0.231422,5.333654
23.500000,0.235118,5.431034
23.600000,0.238163,5.511231
23.600000,0.241642,5.602891
23.600000,0.245557,5.706017
23.600000,0.249038,5.797680
23.600000,0.252301,5.883608
23.600000,0.218426,5.001372
23.700000,0.222554,5.110201
23.700000,0.227335,5.236218
23.700000,0.230594,5.322145
23.700000,0.234290,5.419536
23.700000,0.236681,5.482550
23.700000,0.241246,5.602848
23.800000,0.244508,5.688782
23.800000,0.248422,5.791891
23.800000,0.251467,5.872089
23.800000,0.218465,5.012756
23.800000,0.221722,5.098698
23.800000,0.217733,4.995597
23.800000,0.213528,4.886765
23.900000,0.219390,5.041448
23.900000,0.222647,5.127379
23.900000,0.218006,5.007072
23.900000,0.220395,5.070076
23.900000,0.216840,4.978448
24.000000,0.220965,5.087298
24.000000,0.222261,5.121677
24.000000,0.219364,5.047203
24.000000,0.223706,5.161768
24.000000,0.225878,5.219053
24.000000,0.229787,5.322164
24.000000,0.217898,5.012817
24.100000,0.213259,4.892533
24.100000,0.217382,5.001369
24.100000,0.221072,5.098762
24.100000,0.216432,4.978454
24.100000,0.219470,5.058645
24.100000,0.215267,4.949795
24.100000,0.219171,5.052913
24.200000,0.215182,4.949803
24.200000,0.218654,5.041461
24.200000,0.222343,5.138852
24.200000,0.225165,5.213321
24.200000,0.226902,5.259153
24.200000,0.215016,4.949796
24.300000,0.211680,4.863864
24.300000,0.215150,4.955532
24.300000,0.218621,5.047187
24.300000,0.221441,5.121657
24.300000,0.225999,5.241957
24.300000,0.229037,5.322156
24.300000,0.217815,5.029980
24.400000,0.219608,5.075051
24.400000,0.216277,4.971352
24.400000,0.220402,5.080194
24.400000,0.223009,5.148951
24.400000,0.227136,5.257797
24.400000,0.229091,5.309355
24.400000,0.232567,5.401011
24.500000,0.235392,5.475486
24.500000,0.221124,5.049819
24.500000,0.223737,5.118567
24.500000,0.227221,5.210224
24.500000,0.225675,5.152380
24.500000,0.230251,5.272669
24.600000,0.235264,5.404417
24.600000,0.226651,5.166762
24.600000,0.229922,5.252694
24.600000,0.227023,5.178213
24.600000,0.230293,5.264144
24.600000,0.233345,5.344347
24.700000,0.236834,5.435995
24.700000,0.238578,5.481830
24.700000,0.227765,5.201145
24.700000,0.231688,5.304270
24.700000,0.227263,5.189678
24.700000,0.230533,5.275607
24.800000,0.229618,5.252702
24.800000,0.230685,5.281340
24.800000,0.226042,5.161046
24.800000,0.229093,5.241242
24.800000,0.225758,5.155298
24.800000,0.229245,5.246964
24.800000,0.232078,5.321440
24.900000,0.227652,5.206857
24.900000,0.231139,5.298533
24.900000,0.226714,5.183976
24.900000,0.230418,5.281373
24.900000,0.225775,5.161093
24.900000,0.228390,5.229841
24.900000,0.227699,5.212654
25.000000,0.227669,5.212658
25.000000,0.231808,5.321497
25.000000,0.236167,5.436072
25.000000,0.225572,5.161110
25.000000,0.229058,5.252775
25.000000,0.230583,5.292866
25.100000,0.226375,5.184029
25.100000,0.228554,5.241310
25.100000,0.225218,5.155385
25.100000,0.229356,5.264225
25.100000,0.231752,5.327236
25.100000,0.235020,5.413171
25.100000,0.239160,5.522000
25.200000,0.231217,5.315774
25.200000,0.230307,5.292865
25.200000,0.226752,5.201210
25.200000,0.231326,5.321533
25.200000,0.236554,5.459028
25.300000,0.240039,5.550692
25.300000,0.243307,5.636623
25.300000,0.246793,5.728290
25.300000,0.250497,5.825681
25.300000,0.253983,5.917340
25.300000,0.257906,6.020471
25.400000,0.262264,6.135046
25.400000,0.233420,5.384581
25.400000,0.231844,5.344472
25.400000,0.235763,5.447596
25.400000,0.238594,5.522070
25.400000,0.240772,5.579338
25.400000,0.243822,5.659535
25.500000,0.224010,5.143977
25.500000,0.227057,5.224182
25.500000,0.230540,5.315849
25.500000,0.234241,5.413242
25.500000,0.237725,5.504903
25.500000,0.240991,5.590829
25.500000,0.243604,5.659572
25.600000,0.230164,5.310143
25.600000,0.227928,5.252865
25.600000,0.230757,5.327337
25.600000,0.225244,5.184109
25.600000,0.228508,5.270045
25.600000,0.232643,5.378884
25.700000,0.236561,5.482013
25.700000,0.224444,5.166938
25.700000,0.229231,5.292974
25.700000,0.231625,5.355989
25.700000,0.233584,5.407545
25.700000,0.236414,5.482480
25.700000,0.224733,5.192256
25.800000,0.228650,5.344756
25.800000,0.231697,5.483567
25.800000,0.234962,5.637481
25.800000,0.238009,5.778655
25.800000,0.241710,5.958921
25.800000,0.244321,6.095745
25.800000,0.248021,6.300451
25.900000,0.253461,6.605161
25.900000,0.257376,6.814626
25.900000,0.261073,7.004103
25.900000,0.264769,7.190945
25.900000,0.268683,7.392189
26.000000,0.228818,6.483180
26.000000,0.232070,6.665107
26.000000,0.227635,6.633980
26.000000,0.230020,6.761212
26.000000,0.232406,6.887081
26.000000,0.228402,6.873666
26.000000,0.232087,7.065797
26.100000,0.228732,7.087260
26.100000,0.230898,7.201982
26.100000,0.226241,7.157062
26.100000,0.228623,7.284145
26.100000,0.232088,7.468706
26.100000,0.227212,7.411781
26.100000,0.230243,7.571961
26.200000,0.227763,7.611165
26.200000,0.230774,7.799399
26.200000,0.225680,7.730499
26.200000,0.229140,7.914041
26.200000,0.224908,7.891581
26.200000,0.229231,8.121257
26.300000,0.232257,8.281747
26.300000,0.227375,8.224339
26.300000,0.230615,8.395940
26.300000,0.227028,8.407129
26.300000,0.230051,8.567469
26.300000,0.224734,8.487345
26.300000,0.229268,8.728171
26.400000,0.232722,8.911647
26.400000,0.235960,9.083559
26.400000,0.239845,9.289751
26.400000,0.228340,9.083428
26.400000,0.231360,9.243769
26.400000,0.227332,9.232301
26.400000,0.229704,9.358342
26.500000,0.232292,9.495870
26.500000,0.235526,9.667791
26.500000,0.238761,9.839687
26.500000,0.242211,10.023009
26.500000,0.245014,10.171936
26.500000,0.247817,10.320866
26.500000,0.228173,9.885513
26.600000,0.232051,10.091743
26.600000,0.235283,10.263630
26.600000,0.233898,10.309501
26.600000,0.233402,10.366817
26.600000,0.236418,10.527233
26.600000,0.239433,10.687645
26.600000,0.242880,10.870966
26.700000,0.246326,11.054300
26.700000,0.248911,11.191794
26.700000,0.252572,11.386563
26.700000,0.255372,11.535518
26.700000,0.258172,11.684487
26.700000,0.261186,11.844901
26.700000,0.264847,12.039667
26.800000,0.268077,12.211532
26.800000,0.271952,12.417760
26.800000,0.233993,10.799178
26.800000,0.233686,10.821802
26.800000,0.238419,11.073907
26.800000,0.226453,10.472533
26.900000,0.229464,10.632935
26.900000,0.233551,10.850646
26.900000,0.237207,11.045420
26.900000,0.225671,10.441223
26.900000,0.227606,10.544361
26.900000,0.228896,10.613097
26.900000,0.222699,10.296911
26.900000,0.225063,10.422949
27.000000,0.228933,10.629227
27.000000,0.229724,10.674636
27.000000,0.229183,10.650974
27.000000,0.224705,10.419561
27.000000,0.228358,10.614372
27.100000,0.232441,10.832047
27.100000,0.227747,10.592621
27.100000,0.231399,10.787408
27.100000,0.227779,10.605026
27.100000,0.231002,10.776887
27.100000,0.227381,10.592656
27.100000,0.222687,10.351750
27.200000,0.225049,10.477765
27.200000,0.229773,10.729857
27.200000,0.231222,10.810220
27.200000,0.229587,10.730416
27.200000,0.225321,10.512714
27.200000,0.229829,10.753337
27.300000,0.224919,10.500919
27.300000,0.229641,10.753017
27.300000,0.226447,10.592685
27.300000,0.230095,10.787494
27.300000,0.226258,10.592917
27.400000,0.229905,10.787684
27.400000,0.224780,10.524075
27.400000,0.228212,10.707396
27.400000,0.231402,10.879278
27.400000,0.228020,10.707338
27.400000,0.223753,10.496580
27.400000,0.227399,10.727331
27.500000,0.223561,10.598253
27.500000,0.228063,10.933246
27.500000,0.224437,10.830156
27.500000,0.228508,11.148686
27.500000,0.224665,11.059474
27.600000,0.228304,11.365359
27.600000,0.224457,11.277167
27.600000,0.227451,11.518431
27.600000,0.230658,11.771182
27.600000,0.234505,12.072174
27.600000,0.237710,12.325678
27.700000,0.241128,12.600704
27.700000,0.245613,12.966646
27.700000,0.248816,13.228118
27.700000,0.252444,13.521925
27.700000,0.255857,13.795707
27.700000,0.259696,14.102245
27.800000,0.262254,14.306898
27.800000,0.265451,14.563932
27.800000,0.269925,14.925962
27.800000,0.274184,15.271508
27.800000,0.279079,15.667654
27.800000,0.281845,15.890724
27.900000,0.285672,16.199135
27.900000,0.288648,16.439153
27.900000,0.291410,16.662373
27.900000,0.227599,13.448707
27.900000,0.229933,13.638092
27.900000,0.233115,13.896353
27.900000,0.236084,14.137236
28.000000,0.223866,13.581532
28.000000,0.225985,13.753271
28.000000,0.229587,14.045136
28.000000,0.227225,14.039170
28.000000,0.229300,14.239673
28.000000,0.232476,14.497607
28.000000,0.235863,14.772781
28.100000,0.223424,14.200006
28.100000,0.227020,14.492215
28.100000,0.223127,14.394712
28.100000,0.226509,14.669555
28.100000,0.231158,15.047599
28.200000,0.234751,15.339780
28.200000,0.222306,14.766999
28.200000,0.225474,15.024857
28.200000,0.223354,15.007686
28.200000,0.224951,15.202439
28.200000,0.228328,15.477370
28.200000,0.231282,15.717932
28.300000,0.234236,15.958528
28.300000,0.236979,16.181966
28.300000,0.239510,16.388243
28.300000,0.219567,15.425845
28.300000,0.222307,15.649308
28.300000,0.225259,15.889938
28.300000,0.227788,16.096200
28.300000,0.230950,16.353985
28.400000,0.234533,16.646112
28.400000,0.237904,16.921069
28.400000,0.240222,17.110129
28.400000,0.241908,17.247663
28.400000,0.244647,17.471073
28.400000,0.217614,15.792378
28.400000,0.221404,16.101804
28.500000,0.217275,15.773682
28.500000,0.218748,15.894000
28.500000,0.221906,16.151806
28.500000,0.224432,16.358029
28.500000,0.228642,16.701683
28.500000,0.216803,15.791254
28.500000,0.220169,16.066252
28.600000,0.215828,15.743501
28.600000,0.218562,15.966962
28.600000,0.221718,16.224773
28.600000,0.219872,16.083376
28.600000,0.219057,16.027366
28.600000,0.214505,15.683669
28.600000,0.217868,15.958637
28.700000,0.213736,15.653940
28.700000,0.216258,15.860178
28.700000,0.219621,16.135163
28.700000,0.222984,16.410176
28.700000,0.211564,15.530204
28.700000,0.215135,15.822387
28.700000,0.211212,15.531422
28.800000,0.214152,15.772008
28.800000,0.217722,16.064165
28.800000,0.220243,16.270419
28.800000,0.224234,16.596960
28.800000,0.220970,15.748241
28.800000,0.224361,16.023206
28.900000,0.226725,15.850044
28.900000,0.230770,16.176609
28.900000,0.232614,15.952864
28.900000,0.235819,16.210674
28.900000,0.237124,15.934749
28.900000,0.240555,16.209728
29.000000,0.242169,15.950725
29.000000,0.244751,16.156989
29.000000,0.248949,16.411576
29.000000,0.246662,16.239798
29.000000,0.242187,15.896321
29.000000,0.243908,16.033780
29.000000,0.247134,16.291595
29.100000,0.242657,15.947802
29.100000,0.246097,16.222815
29.100000,0.241188,15.844591
29.100000,0.243983,16.068044
29.100000,0.248066,16.394612
29.100000,0.251502,16.669599
29.200000,0.241036,15.862054
29.200000,0.244043,16.102675
29.200000,0.247247,16.360440
29.200000,0.250467,16.618236
29.200000,0.255616,17.030729
29.200000,0.258189,17.236974
29.300000,0.262048,17.545774
29.300000,0.242604,16.020188
29.300000,0.245819,16.217988
29.300000,0.241543,15.782467
29.300000,0.244974,15.913293
29.300000,0.248406,16.051645
29.300000,0.252482,16.257058
29.400000,0.255915,16.462545
29.400000,0.243509,15.455321
29.400000,0.246729,15.651084
29.400000,0.243529,15.301817
29.400000,0.246750,15.460714
29.400000,0.241618,14.989504
29.500000,0.246343,15.223845
29.500000,0.242716,14.847152
29.500000,0.246798,15.076641
29.500000,0.250665,15.293081
29.500000,0.254532,15.501613
29.500000,0.257324,15.647330
29.600000,0.260332,15.802225
29.600000,0.263769,15.980289
29.600000,0.267206,16.162064
29.600000,0.270642,16.347519
29.600000,0.275797,16.627853
29.600000,0.277730,16.732244
29.700000,0.280951,16.904523
29.700000,0.283957,17.063695
29.700000,0.286534,17.199514
29.700000,0.289325,17.346887
29.700000,0.292116,17.495013
29.700000,0.242051,13.530724
29.700000,0.245923,13.738071
29.700000,0.241221,13.303692
29.800000,0.244448,13.476329
29.800000,0.246600,13.591035
29.800000,0.243226,13.264280
29.800000,0.243834,13.258110
29.800000,0.239561,12.838126
29.800000,0.243003,12.988172
29.800000,0.238730,12.520125
29.900000,0.242603,12.645522
29.900000,0.244325,12.702674
29.900000,0.240054,12.235350
29.900000,0.235784,11.782831
29.900000,0.238152,11.883058
29.900000,0.241596,12.010486
29.900000,0.237111,11.509379
30.000000,0.240772,11.581748
30.000000,0.244004,11.637889
30.000000,0.241953,11.316271
30.000000,0.242539,11.191666
30.000000,0.238059,10.692913
30.000000,0.241293,10.769925
30.000000,0.237244,10.236279
30.100000,0.241127,10.261723
30.100000,0.244797,10.279124
30.100000,0.249116,10.319966
30.100000,0.236928,9.191210
30.100000,0.239952,9.226477
30.100000,0.235698,8.655644
30.200000,0.238723,8.644632
30.200000,0.242615,8.613431
30.200000,0.242112,8.336790
30.200000,0.245359,8.330581
30.200000,0.248608,8.339097
30.200000,0.252291,8.356666
30.300000,0.255975,8.369764
30.300000,0.240725,7.489915
30.300000,0.237358,7.031203
30.300000,0.232910,6.634537
30.300000,0.236164,6.628487
30.300000,0.239201,6.627751
30.300000,0.235191,6.275419
30.400000,0.237362,6.279018
30.400000,0.240402,6.283330
30.400000,0.243661,6.285258
30.400000,0.244708,6.117820
30.400000,0.247752,6.114905
30.400000,0.239780,5.473242
30.500000,0.236866,5.092270
30.500000,0.240346,5.093898
30.500000,0.243609,5.095653
30.500000,0.232355,4.317687
30.500000,0.236271,4.317304
30.500000,0.239100,4.316422
30.500000,0.234675,3.923860
30.600000,0.238158,3.923248
30.600000,0.239224,3.798674
30.600000,0.241838,3.799092
30.600000,0.239833,3.538952
30.600000,0.234762,3.149882
30.600000,0.237157,3.150013
30.600000,0.239553,3.149941
30.700000,0.234704,2.757850
30.700000,0.237535,2.757517
30.700000,0.240368,2.757245
30.700000,0.244073,2.757123
30.700000,0.233517,2.032394
30.700000,0.236349,2.032565
30.700000,0.231951,1.788653
30.800000,0.235220,1.788674
30.800000,0.238925,1.788562
30.800000,0.242632,1.788399
30.800000,0.244370,1.738918
30.800000,0.241070,1.508431
30.800000,0.236898,1.239220
30.900000,0.241041,1.239292
30.900000,0.237309,1.093738
30.900000,0.240580,1.093720
30.900000,0.236850,0.927978
30.900000,0.241212,0.927900
30.900000,0.237269,0.751161
31.000000,0.240104,0.751154
31.000000,0.244685,0.751166
31.000000,0.248831,0.751171
31.000000,0.244016,0.689441
31.000000,0.239640,0.631227
31.000000,0.237448,0.555176
31.100000,0.240502,0.555153
31.100000,0.243775,0.555137
31.100000,0.246393,0.555130
31.100000,0.249667,0.555124
31.100000,0.254470,0.555109
31.100000,0.257746,0.555092
31.100000,0.261022,0.555072
31.200000,0.263644,0.555056
31.200000,0.266702,0.555039
31.200000,0.270417,0.555022
31.200000,0.274570,0.555007
31.200000,0.278286,0.554994
31.200000,0.281566,0.554981
31.300000,0.284846,0.554967
31.300000,0.287251,0.554956
31.300000,0.245388,0.394544
31.300000,0.249345,0.394527
31.300000,0.245166,0.396449
31.300000,0.248244,0.396438
31.300000,0.251321,0.396428
31.400000,0.254399,0.396417
31.400000,0.258136,0.396404
31.400000,0.260993,0.396394
31.400000,0.263632,0.396385
31.400000,0.244721,0.397152
31.400000,0.248018,0.397141
31.400000,0.243840,0.399077
31.500000,0.247357,0.399065
31.500000,0.250215,0.399056
31.500000,0.253952,0.399046
31.500000,0.256810,0.399038
31.500000,0.245375,0.398701
31.500000,0.247353,0.398696
31.500000,0.250871,0.398686
31.600000,0.253728,0.398677
31.600000,0.256586,0.398669
31.600000,0.260104,0.398659
31.600000,0.262962,0.398652
31.600000,0.266040,0.398644
31.600000,0.268458,0.398638
31.600000,0.270437,0.398634
31.600000,0.242950,0.398886
31.700000,0.246028,0.398878
31.700000,0.248226,0.398873
31.700000,0.252183,0.398863
31.700000,0.254382,0.398858
31.700000,0.243606,0.399253
31.700000,0.248003,0.399244
31.800000,0.243385,0.399148
31.800000,0.246243,0.399143
31.800000,0.249540,0.399137
31.800000,0.252398,0.399132
31.800000,0.256355,0.399125
31.800000,0.244920,0.399225
31.800000,0.247998,0.399220
31.900000,0.244039,0.399269
31.900000,0.247776,0.399264
31.900000,0.251514,0.399259
31.900000,0.255251,0.399254
31.900000,0.244695,0.399275
31.900000,0.248653,0.399271
32.000000,0.244254,0.399334
32.000000,0.247332,0.399331
32.000000,0.251949,0.399326
32.000000,0.254807,0.399323
32.000000,0.243151,0.399370
32.000000,0.246010,0.399367
32.000000,0.248428,0.399365
32.100000,0.244029,0.399406
32.100000,0.247547,0.399403
32.100000,0.250405,0.399401
32.100000,0.254363,0.399398
32.100000,0.243587,0.399460
32.100000,0.247324,0.399458
32.200000,0.243365,0.399485
32.200000,0.246883,0.399483
32.200000,0.251060,0.399481
32.200000,0.255018,0.399480
32.200000,0.242483,0.399539
32.200000,0.247539,0.399538
32.300000,0.251277,0.399536
32.300000,0.254575,0.399536
32.300000,0.243359,0.399586
32.300000,0.247536,0.399586
32.300000,0.250835,0.399586
32.300000,0.254792,0.399586
32.400000,0.258090,0.399586
32.400000,0.245775,0.399639
32.400000,0.248853,0.399639
32.400000,0.251271,0.399639
32.400000,0.253690,0.399640
32.400000,0.242254,0.399683
32.400000,0.244892,0.399684
32.500000,0.248190,0.399684
32.500000,0.249729,0.399685
32.500000,0.253687,0.399686
32.500000,0.257425,0.399686
32.500000,0.261383,0.399687
32.500000,0.266441,0.399688
32.600000,0.270179,0.399689
32.600000,0.273257,0.399690
32.600000,0.276995,0.399690
32.600000,0.280514,0.399691
32.600000,0.283812,0.399692
32.600000,0.287771,0.399694
32.600000,0.291289,0.399695
32.700000,0.294588,0.399696
32.700000,0.244003,0.399824
32.700000,0.248180,0.399826
32.700000,0.244221,0.399840
32.700000,0.246860,0.399842
32.700000,0.242681,0.399855
32.700000,0.246199,0.399857
32.800000,0.242240,0.399869
32.800000,0.245318,0.399871
32.800000,0.248176,0.399873
32.800000,0.243557,0.399884
32.800000,0.247735,0.399887
32.800000,0.243116,0.399898
32.900000,0.246854,0.399900
32.900000,0.242675,0.399911
32.900000,0.245974,0.399913
32.900000,0.241354,0.399923
32.900000,0.245093,0.399925
32.900000,0.240474,0.399935
32.900000,0.243772,0.399937
33.000000,0.247290,0.399939
33.000000,0.244650,0.399948
33.000000,0.248609,0.399950
33.000000,0.252347,0.399952
33.000000,0.255425,0.399954
33.000000,0.258724,0.399956
33.100000,0.246627,0.399970
33.100000,0.242227,0.399976
33.100000,0.238268,0.399980
33.100000,0.242886,0.399983
33.100000,0.238926,0.399987
33.100000,0.241785,0.399989
33.200000,0.244864,0.399990
33.200000,0.248602,0.399992
33.200000,0.252780,0.399995
33.200000,0.241343,0.400000
33.200000,0.244641,0.400002
33.200000,0.240022,0.400004
33.200000,0.242661,0.400006
33.300000,0.244860,0.400007
33.300000,0.247059,0.400009
33.300000,0.242660,0.400011
33.300000,0.238920,0.400013
33.300000,0.241339,0.400015
33.300000,0.243758,0.400016
33.300000,0.246397,0.400018
33.300000,0.249476,0.400020
33.400000,0.253874,0.400023
33.400000,0.245735,0.400023
33.400000,0.249034,0.400025
33.400000,0.251893,0.400027
33.400000,0.245074,0.400026
33.400000,0.249033,0.400028
33.500000,0.252551,0.400030
33.500000,0.255190,0.400031
33.500000,0.243752,0.400029
33.500000,0.240013,0.400029
33.500000,0.243751,0.400031
33.500000,0.239792,0.400030
33.500000,0.242431,0.400031
33.600000,0.245509,0.400033
33.600000,0.244409,0.400032
33.600000,0.244409,0.400033
33.600000,0.240229,0.400030
33.600000,0.244188,0.400031
33.600000,0.249246,0.400034
33.700000,0.252325,0.400035
33.700000,0.240227,0.400028
33.700000,0.243746,0.400029
33.700000,0.247264,0.400031
33.700000,0.243305,0.400028
33.700000,0.246384,0.400029
33.700000,0.242204,0.400026
33.800000,0.245503,0.400028
33.800000,0.248802,0.400029
33.800000,0.249241,0.400029
33.800000,0.253200,0.400031
33.800000,0.255839,0.400032
33.800000,0.247260,0.400026
33.900000,0.243520,0.400023
33.900000,0.248359,0.400025
33.900000,0.244839,0.400022
33.900000,0.249238,0.400023
33.900000,0.245278,0.400020
34.000000,0.248797,0.400021
34.000000,0.245057,0.400017
34.000000,0.248576,0.400018
34.000000,0.248796,0.400017
34.000000,0.247475,0.400015
34.000000,0.242856,0.400011
34.000000,0.245935,0.400012
34.100000,0.248794,0.400012
34.100000,0.252313,0.400013
34.100000,0.256052,0.400014
34.100000,0.259571,0.400014
34.100000,0.263310,0.400015
34.100000,0.267709,0.400016
34.200000,0.270128,0.400017
34.200000,0.272988,0.400017
34.200000,0.246591,0.400000
34.200000,0.249670,0.400001
34.200000,0.253629,0.400002
34.200000,0.257148,0.400003
34.200000,0.260447,0.400003
34.300000,0.263966,0.400004
34.300000,0.265946,0.400004
34.300000,0.268805,0.400005
34.300000,0.271225,0.400005
34.300000,0.245048,0.399987
34.300000,0.247907,0.399987
34.300000,0.243287,0.399984
34.300000,0.246367,0.399984
34.400000,0.242627,0.399981
34.400000,0.245926,0.399981
34.400000,0.249885,0.399981
34.400000,0.253844,0.399982
34.400000,0.258243,0.399982
34.500000,0.261982,0.399982
34.500000,0.266381,0.399982
34.500000,0.268581,0.399982
34.500000,0.270560,0.399982
34.500000,0.242623,0.399969
34.500000,0.247022,0.399969
34.500000,0.243502,0.399966
34.600000,0.240862,0.399963
34.600000,0.244821,0.399962
34.600000,0.241301,0.399959
34.600000,0.243941,0.399959
34.600000,0.245700,0.399959
34.600000,0.249879,0.399959
34.700000,0.254058,0.399960
34.700000,0.258018,0.399960
34.700000,0.239539,0.399951
34.700000,0.241959,0.399952
34.700000,0.244818,0.399952
34.700000,0.239758,0.399949
34.700000,0.243278,0.399949
34.800000,0.246797,0.399949
34.800000,0.244377,0.407912
34.800000,0.249438,0.466764
34.800000,0.251640,0.535280
34.800000,0.255161,0.606891
34.800000,0.259342,0.675426
34.900000,0.263303,0.719889
34.900000,0.266603,0.763174
34.900000,0.269684,0.828428
34.900000,0.273207,0.934007
34.900000,0.276509,1.049076
34.900000,0.279151,1.139674
35.000000,0.281792,1.221188
35.000000,0.242636,1.306780
35.000000,0.242197,1.351007
35.000000,0.245937,1.428784
35.000000,0.248578,1.486029
35.000000,0.251658,1.560551
35.000000,0.254959,1.650206
35.000000,0.257819,1.732940
35.100000,0.238901,1.834850
35.100000,0.242421,1.931397
35.100000,0.245721,2.015684
35.100000,0.250121,2.122781
35.100000,0.252540,2.181917
35.100000,0.255400,2.253881
35.200000,0.258699,2.340272
35.200000,0.262439,2.441127
35.200000,0.266178,2.542199
35.200000,0.238898,2.612308
35.200000,0.241537,2.681059
35.200000,0.245056,2.771110
35.200000,0.248354,2.855009
35.300000,0.251652,2.939582
35.300000,0.254731,3.019610
35.300000,0.243289,3.112164
35.300000,0.239987,3.222507
35.300000,0.243944,3.326388
35.300000,0.239322,3.400761
35.400000,0.242840,3.491795
35.400000,0.246137,3.577061
35.400000,0.250094,3.679767
35.400000,0.254710,3.800322
35.400000,0.257128,3.863643
35.400000,0.261084,3.967190
35.400000,0.263282,4.024587
35.500000,0.244579,4.121927
35.500000,0.248315,4.219062
35.500000,0.251172,4.293351
35.500000,0.254249,4.373452
35.500000,0.242806,4.465154
35.500000,0.245443,4.534003
35.500000,0.248520,4.614343
35.600000,0.244557,4.706104
35.600000,0.248072,4.797784
35.600000,0.252027,4.900830
35.600000,0.254224,4.958071
35.600000,0.257300,5.038224
35.600000,0.244741,4.901266
35.700000,0.248696,5.004440
35.700000,0.245611,5.119097
35.700000,0.249126,5.210808
35.700000,0.252421,5.296752
35.700000,0.256155,5.394132
35.700000,0.259450,5.480056
35.700000,0.262086,5.548799
35.800000,0.266039,5.651922
35.800000,0.268675,5.720685
35.800000,0.272847,5.829572
35.800000,0.275263,5.892602
35.800000,0.278118,5.967084
35.800000,0.281192,6.047284
35.800000,0.284047,6.121762
35.900000,0.286681,6.190507
35.900000,0.244648,5.368592
35.900000,0.248162,5.460262
35.900000,0.244412,5.397199
35.900000,0.247707,5.483142
35.900000,0.251001,5.569083
36.000000,0.255174,5.677927
36.000000,0.260005,5.803965
36.000000,0.263957,5.907098
36.000000,0.266812,5.981574
36.000000,0.270105,6.067516
36.000000,0.273398,6.153459
36.000000,0.276253,6.227938
36.100000,0.279326,6.308150
36.100000,0.283058,6.405556
36.100000,0.285912,6.480035
36.100000,0.243426,5.364495
36.100000,0.245841,5.427523
36.100000,0.249354,5.519194
36.100000,0.244285,5.390594
36.200000,0.247579,5.476542
36.200000,0.243387,5.369892
36.200000,0.246681,5.455830
36.200000,0.249535,5.530311
36.200000,0.252170,5.599064
36.200000,0.248197,5.493623
36.200000,0.244225,5.389836
36.300000,0.247079,5.464311
36.300000,0.242887,5.356898
36.300000,0.245961,5.437108
36.300000,0.240890,5.305349
36.300000,0.244183,5.391285
36.300000,0.246818,5.460045
36.300000,0.242406,5.344668
36.400000,0.246138,5.442060
36.400000,0.241946,5.333400
36.400000,0.245018,5.413618
36.400000,0.248091,5.493821
36.400000,0.243459,5.373892
36.400000,0.246532,5.454093
36.400000,0.241900,5.333575
36.500000,0.244973,5.413784
36.500000,0.248266,5.499730
36.500000,0.243633,5.379252
36.500000,0.240318,5.293450
36.500000,0.243610,5.379394
36.500000,0.246683,5.459608
36.500000,0.242489,5.350807
36.500000,0.243806,5.385181
36.600000,0.247317,5.476859
36.600000,0.245543,5.430926
36.600000,0.249054,5.522606
36.600000,0.251907,5.597089
36.600000,0.255857,5.700210
36.600000,0.260026,5.809076
36.700000,0.247025,5.471036
36.700000,0.244366,5.402255
36.700000,0.239294,5.270464
36.700000,0.243463,5.379326
36.700000,0.246316,5.453808
36.700000,0.242340,5.350713
36.800000,0.246070,5.448103
36.800000,0.250239,5.556941
36.800000,0.253969,5.654344
36.800000,0.258795,5.780378
36.800000,0.262305,5.872043
36.900000,0.265376,5.952241
36.900000,0.269105,6.049630
36.900000,0.272176,6.129839
36.900000,0.277001,6.255869
36.900000,0.243961,5.396512
36.900000,0.247690,5.493899
37.000000,0.244152,5.402207
37.000000,0.247223,5.482414
37.000000,0.250733,5.574081
37.000000,0.253584,5.648563
37.000000,0.256874,5.734502
37.000000,0.260164,5.820442
37.000000,0.263015,5.894926
37.100000,0.266305,5.980866
37.100000,0.269594,6.066805
37.100000,0.272884,6.152744
37.100000,0.277708,6.278794
37.100000,0.282312,6.399105
37.100000,0.284944,6.467856
37.200000,0.244196,5.407933
37.200000,0.247924,5.505331
37.200000,0.250774,5.579810
37.200000,0.253844,5.660004
37.200000,0.257353,5.751667
37.200000,0.260203,5.826135
37.300000,0.263053,5.900610
37.300000,0.244323,5.413620
37.300000,0.247173,5.488094
37.300000,0.250900,5.585493
37.300000,0.253531,5.654240
37.300000,0.256820,5.740165
37.300000,0.259670,5.814639
37.400000,0.262739,5.894839
37.400000,0.267562,6.020881
37.400000,0.248173,5.516732
37.400000,0.251680,5.608392
37.400000,0.255407,5.705790
37.400000,0.258914,5.797446
37.400000,0.261544,5.866195
37.500000,0.264832,5.952132
37.500000,0.245881,5.459424
37.500000,0.248950,5.539632
37.500000,0.252895,5.642751
37.500000,0.257498,5.763064
37.500000,0.261004,5.854733
37.600000,0.264730,5.952134
37.600000,0.245121,5.442221
37.600000,0.248846,5.539603
37.600000,0.250372,5.579706
37.600000,0.253879,5.671366
37.600000,0.257823,5.774502
37.700000,0.260234,5.837512
37.700000,0.250529,5.585438
37.700000,0.246549,5.482325
37.700000,0.250493,5.585435
37.700000,0.254875,5.700008
37.700000,0.257505,5.768755
37.800000,0.260353,5.843234
37.800000,0.263202,5.917710
37.800000,0.243153,5.396389
37.800000,0.245344,5.453671
37.800000,0.248411,5.533876
37.800000,0.251259,5.608350
37.800000,0.253450,5.665632
37.800000,0.241545,5.356266
37.900000,0.246365,5.482296
37.900000,0.249213,5.556774
37.900000,0.253156,5.659887
37.900000,0.256442,5.745822
37.900000,0.243222,5.402095
37.900000,0.245631,5.465117
37.900000,0.240993,5.344796
38.000000,0.244498,5.436460
38.000000,0.246469,5.488023
38.000000,0.243364,5.407812
38.000000,0.246211,5.482290
38.000000,0.249278,5.562493
38.000000,0.245296,5.459380
38.000000,0.241095,5.350513
38.100000,0.244161,5.430718
38.100000,0.239741,5.316129
38.100000,0.243464,5.413533
38.100000,0.246749,5.499471
38.100000,0.242767,5.396376
38.100000,0.245176,5.459400
38.100000,0.240756,5.344817
38.200000,0.243164,5.407826
38.200000,0.246887,5.505228
38.200000,0.243346,5.413570
38.200000,0.245532,5.470858
38.200000,0.241331,5.361995
38.200000,0.245053,5.459391
38.200000,0.239975,5.327641
38.300000,0.243479,5.419295
38.300000,0.246982,5.510950
38.300000,0.242123,5.384916
38.300000,0.237702,5.270343
38.300000,0.240767,5.350552
38.300000,0.243832,5.430758
38.300000,0.238755,5.298990
38.300000,0.242038,5.384919
38.400000,0.245541,5.476577
38.400000,0.243099,5.413562
38.400000,0.244841,5.459393
38.400000,0.241514,5.373444
38.400000,0.238187,5.287517
38.500000,0.241470,5.373452
38.500000,0.244972,5.465124
38.500000,0.241208,5.367734
38.500000,0.237662,5.276079
38.500000,0.241163,5.367760
38.500000,0.236961,5.258918
38.500000,0.240681,5.356300
38.600000,0.243526,5.430773
38.600000,0.242401,5.402124
38.600000,0.246778,5.516701
38.600000,0.250498,5.614095
38.600000,0.253780,5.700027
38.600000,0.257062,5.785964
38.700000,0.261001,5.889084
38.700000,0.241812,5.390678
38.700000,0.237608,5.281834
38.700000,0.240671,5.362036
38.700000,0.236468,5.253197
38.800000,0.240187,5.350594
38.800000,0.245218,5.482361
38.800000,0.243659,5.442258
38.800000,0.247378,5.539650
38.800000,0.240967,5.373516
38.800000,0.245998,5.505285
38.900000,0.250373,5.619861
38.900000,0.238903,5.321956
38.900000,0.243715,5.447998
38.900000,0.247870,5.556844
38.900000,0.251370,5.648519
39.000000,0.255307,5.751637
39.000000,0.239003,5.327710
39.000000,0.237882,5.299064
39.000000,0.242693,5.425108
39.000000,0.246410,5.522489
39.000000,0.236908,5.276147
39.100000,0.241281,5.390720
39.100000,0.244561,5.476665
39.100000,0.246966,5.539676
39.100000,0.251121,5.648531
39.100000,0.255712,5.768838
39.200000,0.259648,5.871970
39.200000,0.262928,5.957896
39.200000,0.265771,6.032369
39.200000,0.269051,6.124063
39.200000,0.271238,6.197174
39.200000,0.274300,6.319006
39.200000,0.277800,6.478345
39.200000,0.281299,6.641896
39.300000,0.283924,6.763142
39.300000,0.286985,6.911179
39.300000,0.290265,7.081760
39.300000,0.293982,7.286979
39.300000,0.297042,7.458688
39.300000,0.300320,7.638699
39.400000,0.303597,7.811551
39.400000,0.308183,8.044337
39.400000,0.312550,8.265208
39.400000,0.316043,8.446465
39.400000,0.319754,8.643849
39.400000,0.323027,8.819843
39.500000,0.326299,8.994996
39.500000,0.232259,6.635682
39.500000,0.236401,6.851484
39.500000,0.239451,7.009650
39.500000,0.242938,7.191127
39.500000,0.246206,7.362706
39.500000,0.249256,7.523975
39.600000,0.253829,7.766512
39.600000,0.240380,7.469227
39.600000,0.243428,7.629967
39.600000,0.240084,7.640924
39.600000,0.243565,7.823385
39.600000,0.247047,8.006064
39.700000,0.236863,7.868570
39.700000,0.239473,8.006399
39.700000,0.234815,7.961006
39.700000,0.237641,8.110277
39.700000,0.234069,8.121825
39.700000,0.237546,8.304963
39.700000,0.240588,8.465117
39.800000,0.244064,8.648230
39.800000,0.247105,8.808618
39.800000,0.250363,8.980614
39.800000,0.253404,9.141188
39.800000,0.234204,8.728820
39.800000,0.237677,8.912191
39.900000,0.242018,9.141276
39.900000,0.243971,9.244355
39.900000,0.239741,9.221355
39.900000,0.236594,9.255739
39.900000,0.239847,9.427643
39.900000,0.236049,9.427695
39.900000,0.238217,9.542304
40.000000,0.241036,9.691277
40.000000,0.253683,10.050699
40.000000,0.255647,10.182447
40.000000,0.252987,10.239699
40.000000,0.255613,10.377189
40.000000,0.258675,10.537611
40.000000,0.255140,10.549114
40.100000,0.258858,10.743913
40.100000,0.263013,10.961646
40.100000,0.266292,11.133506
40.100000,0.254192,10.840374
40.100000,0.256816,10.977871
40.100000,0.252402,10.797578
40.200000,0.256338,11.003851
40.200000,0.259179,11.152832
40.200000,0.258055,11.118272
40.200000,0.260241,11.232884
40.200000,0.263955,11.427674
40.200000,0.267888,11.633909
40.300000,0.272693,11.886006
40.300000,0.257946,11.095924
40.300000,0.254619,10.937595
40.300000,0.249980,10.700789
40.300000,0.252165,10.815375
40.300000,0.256316,11.033071
40.300000,0.260247,11.239286
40.400000,0.263523,11.411151
40.400000,0.266143,11.548644
40.400000,0.257534,11.094709
40.400000,0.261028,11.278042
40.400000,0.264084,11.438474
40.400000,0.266922,11.587433
40.400000,0.252599,10.844767
40.500000,0.256310,11.039530
40.500000,0.251447,10.785175
40.500000,0.255159,10.979938
40.500000,0.258651,11.163266
40.500000,0.254879,10.969692
40.500000,0.250014,10.718599
40.600000,0.253724,10.913398
40.600000,0.256997,11.085281
40.600000,0.260051,11.245704
40.600000,0.259364,11.210881
40.600000,0.258677,11.176061
40.600000,0.254247,10.946600
40.600000,0.258173,11.152844
40.700000,0.253742,10.924266
40.700000,0.258758,11.187816
40.700000,0.261593,11.336770
40.700000,0.264209,11.474271
40.700000,0.251856,10.832333
40.700000,0.255127,11.004206
40.700000,0.258179,11.164629
40.800000,0.253309,10.912622
40.800000,0.256361,11.073033
40.800000,0.256334,11.073069
40.800000,0.259385,11.233478
40.800000,0.262436,11.393888
40.800000,0.265703,11.565755
40.800000,0.269406,11.760575
40.900000,0.253079,10.912637
40.900000,0.250167,10.763730
40.900000,0.254306,10.981436
40.900000,0.250086,10.763742
40.900000,0.254877,11.015815
41.000000,0.251527,10.843899
41.000000,0.255011,11.027223
41.000000,0.255204,11.038691
41.000000,0.257163,11.141834
41.000000,0.255361,11.050157
41.000000,0.259279,11.256386
41.000000,0.262326,11.416802
41.100000,0.266025,11.611592
41.100000,0.269724,11.806397
41.100000,0.272552,11.955365
41.100000,0.252919,10.935562
41.100000,0.255530,11.073085
41.100000,0.251522,10.866854
41.100000,0.255437,11.073090
41.200000,0.252081,10.901221
41.200000,0.255561,11.084558
41.200000,0.258156,11.222066
41.200000,0.255248,11.073080
41.200000,0.258074,11.222025
41.200000,0.261770,11.416824
41.300000,0.265031,11.588693
41.300000,0.269594,11.829285
41.300000,0.250821,10.855393
41.300000,0.253212,10.981444
41.300000,0.256689,11.164764
41.300000,0.253545,11.004322
41.400000,0.256804,11.176190
41.400000,0.252572,10.958517
41.400000,0.254527,11.061651
41.400000,0.257345,11.210609
41.400000,0.253770,11.027296
41.400000,0.250188,10.843987
41.500000,0.253880,11.038760
41.500000,0.249429,10.809571
41.500000,0.252903,10.992908
41.500000,0.256594,11.187701
41.500000,0.252359,10.969968
41.500000,0.255615,11.141839
41.500000,0.259087,11.325172
41.600000,0.261908,11.474131
41.600000,0.265163,11.646000
41.600000,0.252788,11.004339
41.600000,0.254954,11.118909
41.600000,0.248981,10.809530
41.600000,0.252886,11.015773
41.600000,0.256574,11.210568
41.600000,0.251468,10.947020
41.700000,0.254505,11.107439
41.700000,0.256890,11.233498
41.700000,0.260794,11.439727
41.700000,0.250363,10.901218
41.700000,0.252965,11.038715
41.700000,0.248291,10.798084
41.700000,0.250459,10.912684
41.800000,0.253277,11.061628
41.800000,0.256094,11.210573
41.800000,0.252958,11.050170
41.800000,0.255559,11.187666
41.800000,0.258592,11.348081
41.800000,0.262492,11.554322
41.900000,0.250735,10.947118
41.900000,0.247141,10.763769
41.900000,0.251474,10.992911
41.900000,0.252990,11.073145
41.900000,0.255805,11.222089
41.900000,0.258620,11.371034
41.900000,0.261868,11.542938
42.000000,0.264899,11.703368
42.000000,0.248088,10.832529
42.000000,0.251080,10.992935
42.000000,0.253894,11.141883
42.000000,0.256924,11.302277
42.000000,0.262333,11.588725
42.100000,0.265362,11.749132
42.100000,0.269256,11.955366
42.100000,0.273366,12.173067
42.100000,0.277475,12.390788
42.100000,0.281367,12.597051
42.100000,0.284177,12.745991
42.200000,0.246417,10.786681
42.200000,0.245494,10.740832
42.200000,0.248088,10.878320
42.200000,0.251331,11.050195
42.200000,0.255654,11.279388
42.200000,0.259112,11.462729
42.300000,0.262786,11.657521
42.300000,0.267540,11.909576
42.300000,0.272509,12.173144
42.300000,0.275749,12.345020
42.300000,0.278341,12.482517
42.300000,0.282444,12.700225
42.400000,0.286330,12.906456
42.400000,0.289353,13.066874
42.400000,0.292159,13.215842
42.400000,0.296907,13.467949
42.400000,0.300359,13.651267
42.400000,0.302948,13.788766
42.500000,0.240054,10.523255
42.500000,0.241996,10.626336
42.500000,0.244154,10.740919
42.500000,0.239467,10.500276
42.500000,0.242055,10.637755
42.500000,0.237153,10.385690
42.500000,0.240819,10.580496
42.500000,0.241401,10.614898
42.600000,0.245283,10.821145
42.600000,0.242170,10.660710
42.600000,0.238991,10.500289
42.600000,0.240931,10.603392
42.600000,0.235597,10.328428
42.600000,0.239261,10.523204
42.700000,0.236296,10.374276
42.700000,0.239959,10.569082
42.700000,0.236348,10.385787
42.700000,0.240225,10.592034
42.700000,0.237259,10.443099
42.700000,0.240059,10.592040
42.800000,0.243720,10.786848
42.800000,0.246735,10.947266
42.800000,0.251258,11.187854
42.800000,0.238645,10.534770
42.800000,0.242089,10.718100
42.800000,0.236968,10.454581
42.800000,0.238690,10.546227
42.900000,0.242348,10.741072
42.900000,0.245792,10.935087
42.900000,0.234473,10.392665
42.900000,0.237486,10.608945
42.900000,0.234085,10.522814
42.900000,0.238170,10.812487
43.000000,0.242038,11.065457
43.000000,0.245477,11.291889
43.000000,0.248486,11.513882
43.000000,0.235871,10.927956
43.000000,0.238019,11.114536
43.000000,0.233323,10.974260
43.000000,0.236326,11.238707
43.000000,0.232699,11.168637
43.100000,0.235271,11.368156
43.100000,0.238485,11.609392
43.100000,0.241483,11.835248
43.100000,0.236779,11.661864
43.100000,0.240418,11.956247
43.100000,0.236354,11.851553
43.200000,0.240417,12.189327
43.200000,0.242095,12.358463
43.200000,0.239340,12.315694
43.200000,0.235696,12.228578
43.200000,0.237831,12.397059
43.200000,0.234611,12.348642
43.300000,0.239090,12.712789
43.300000,0.242288,12.974026
43.300000,0.245485,13.234054
43.300000,0.248681,13.492036
43.300000,0.236898,12.969208
43.300000,0.240942,13.293280
43.400000,0.236645,13.160471
43.400000,0.240048,13.435628
43.400000,0.244088,13.763565
43.400000,0.247914,14.074091
43.400000,0.251314,14.349379
43.400000,0.254501,14.606815
43.400000,0.257474,14.846809
43.500000,0.260659,15.104044
43.500000,0.263206,15.310087
43.500000,0.265541,15.499193
43.500000,0.269359,15.808941
43.500000,0.272117,16.032665
43.500000,0.275721,16.325102
43.500000,0.278688,16.565679
43.600000,0.281866,16.823343
43.600000,0.241385,14.829469
43.600000,0.244348,15.069983
43.600000,0.248157,15.379409
43.600000,0.251965,15.688950
43.600000,0.255349,15.964038
43.700000,0.243510,15.459893
43.700000,0.238343,15.259347
43.700000,0.241301,15.499908
43.700000,0.236767,15.350929
43.700000,0.240568,15.660262
43.700000,0.244158,15.952486
43.800000,0.240043,15.837955
43.800000,0.243841,16.147427
43.800000,0.248693,16.542776
43.800000,0.251225,16.748962
43.800000,0.238553,15.960348
43.800000,0.241926,16.235296
43.900000,0.237803,16.010788
43.900000,0.241175,16.285832
43.900000,0.242860,16.423337
43.900000,0.238945,16.205830
43.900000,0.241893,16.446469
43.900000,0.236921,16.019300
43.900000,0.240921,16.345814
44.000000,0.237001,16.024784
44.000000,0.239526,16.231044
44.000000,0.242682,16.488847
44.000000,0.244576,16.643535
44.000000,0.247942,16.918550
44.000000,0.236311,16.066316
44.000000,0.232598,15.770687
44.100000,0.235330,15.994110
44.100000,0.238062,16.217548
44.100000,0.240164,16.389429
44.100000,0.235818,16.063934
44.100000,0.238759,16.304556
44.100000,0.233783,15.937441
44.100000,0.237142,16.212444
44.100000,0.240081,16.453081
44.200000,0.243860,16.762474
44.200000,0.247218,17.037468
44.200000,0.238028,16.325813
44.200000,0.239446,16.354426
44.200000,0.237238,15.944814
44.200000,0.240412,16.202671
44.300000,0.241538,16.049814
44.300000,0.244729,16.307592
44.300000,0.244530,16.030136
44.300000,0.247522,16.270723
44.300000,0.247901,16.029325
44.300000,0.251336,16.304309
44.300000,0.253697,16.493407
44.400000,0.253157,16.168065
44.400000,0.255958,16.391478
44.400000,0.258193,16.440944
44.400000,0.256388,16.303424
44.400000,0.251713,15.941847
44.400000,0.254516,16.162115
44.400000,0.250485,15.827486
44.500000,0.252641,15.968452
44.500000,0.255875,16.164034
44.500000,0.250117,15.680880
44.500000,0.253135,15.859748
44.500000,0.250394,15.550205
44.500000,0.252334,15.655601
44.500000,0.255568,15.822075
44.600000,0.260525,16.067642
44.600000,0.263543,16.220592
44.600000,0.266992,16.403093
44.600000,0.269578,16.544506
44.600000,0.250149,14.958496
44.600000,0.253170,15.124403
44.600000,0.257052,15.332734
44.700000,0.259641,15.467997
44.700000,0.262228,15.593495
44.700000,0.266109,15.752083
44.700000,0.269343,15.862140
44.700000,0.272146,15.952548
44.700000,0.276674,16.103780
44.800000,0.280124,16.209131
44.800000,0.284222,16.314400
44.800000,0.256837,13.924516
44.800000,0.261159,14.026946
44.800000,0.264834,14.124837
44.800000,0.268293,14.223682
44.900000,0.271320,14.310994
44.900000,0.254086,12.803204
44.900000,0.250488,12.321173
44.900000,0.254386,12.419233
44.900000,0.250356,11.922161
44.900000,0.253822,12.001529
45.000000,0.257505,12.058605
45.000000,0.253476,11.503969
45.000000,0.256945,11.525335
45.000000,0.260403,11.499066
45.000000,0.257038,10.974874
45.000000,0.252578,10.386229
45.100000,0.256051,10.373502
45.100000,0.259743,10.360799
45.100000,0.263219,10.356543
45.100000,0.251917,9.192107
45.100000,0.256483,9.202283
45.100000,0.252247,8.622473
45.200000,0.256381,8.621991
45.200000,0.259864,8.617811
45.200000,0.263783,8.613045
45.200000,0.259553,8.044308
45.200000,0.255536,7.443822
45.200000,0.251742,6.862226
45.300000,0.255883,6.864691
45.300000,0.258717,6.865070
45.300000,0.262642,6.863957
45.300000,0.266350,6.862260
45.300000,0.254408,5.692542
45.300000,0.258118,5.692388
45.400000,0.254334,5.161288
45.400000,0.256953,5.161971
45.400000,0.260228,5.162571
45.400000,0.264813,5.162565
45.400000,0.253984,4.301922
45.400000,0.257697,4.301404
45.500000,0.260755,4.301226
45.500000,0.263813,4.301303
45.500000,0.265780,4.301445
45.500000,0.268839,4.301704
45.500000,0.271680,4.301872
45.500000,0.251415,3.151571
45.500000,0.254256,3.151516
45.500000,0.258190,3.151306
45.600000,0.253990,2.757648
45.600000,0.257706,2.757553
45.600000,0.260548,2.757569
45.600000,0.263390,2.757635
45.600000,0.266233,2.757707
45.600000,0.268857,2.757747
45.600000,0.271919,2.757743
45.700000,0.274982,2.757690
45.700000,0.278701,2.757597
45.700000,0.282859,2.757520
45.700000,0.285923,2.757499
45.700000,0.289206,2.757507
45.700000,0.293146,2.757529
45.800000,0.251611,1.390079
45.800000,0.255110,1.390058
45.800000,0.257953,1.390025
45.800000,0.256627,1.266640
45.800000,0.256181,1.190258
45.800000,0.251786,1.004853
45.800000,0.255285,1.004838
45.900000,0.251114,0.862906
45.900000,0.254176,0.862900
45.900000,0.250881,0.808860
45.900000,0.254818,0.808831
45.900000,0.251745,0.777793
45.900000,0.255245,0.777769
46.000000,0.258527,0.777751
46.000000,0.262685,0.777733
46.000000,0.254793,0.802735
46.000000,0.255006,0.811055
46.000000,0.258070,0.811037
46.000000,0.252808,0.796388
46.100000,0.256309,0.796367
46.100000,0.253017,0.793452
46.100000,0.256955,0.793432
46.100000,0.253663,0.802324
46.100000,0.258259,0.802303
46.100000,0.261542,0.802287
46.200000,0.264168,0.802274
46.200000,0.252111,0.797037
46.200000,0.256050,0.797018
46.200000,0.256047,0.797589
46.200000,0.254290,0.798521
46.200000,0.258230,0.798503
46.200000,0.261075,0.798491
46.300000,0.264359,0.798477
46.300000,0.253395,0.799420
46.300000,0.256240,0.799407
46.300000,0.251634,0.798537
46.300000,0.255136,0.798522
46.300000,0.251406,0.799539
46.400000,0.255783,0.799522
46.400000,0.251615,0.799803
46.400000,0.254898,0.799790
46.400000,0.255770,0.799583
46.400000,0.254670,0.799214
46.400000,0.250063,0.799262
46.400000,0.254003,0.799247
46.500000,0.251148,0.799608
46.500000,0.253775,0.799599
46.500000,0.250044,0.799535
46.500000,0.253327,0.799525
46.500000,0.257487,0.799513
46.500000,0.253537,0.799387
46.600000,0.256821,0.799377
46.600000,0.253746,0.799510
46.600000,0.257249,0.799500
46.600000,0.261410,0.799489
46.600000,0.264696,0.799480
46.700000,0.253727,0.799549
46.700000,0.257012,0.799541
46.700000,0.259202,0.799536
46.700000,0.262925,0.799527
46.700000,0.267087,0.799517
46.700000,0.270593,0.799509
46.700000,0.274537,0.799501
46.800000,0.276290,0.799497
46.800000,0.281111,0.799487
46.800000,0.284836,0.799480
46.800000,0.289659,0.799471
46.800000,0.293385,0.799464
46.800000,0.295797,0.799460
46.900000,0.298647,0.799455
46.900000,0.301717,0.799450
46.900000,0.304567,0.799445
46.900000,0.307637,0.799441
46.900000,0.251684,0.799778
46.900000,0.255188,0.799773
46.900000,0.251675,0.799812
47.000000,0.254960,0.799808
47.000000,0.258027,0.799804
47.000000,0.262190,0.799799
47.000000,0.251000,0.799871
47.000000,0.254724,0.799867
47.000000,0.258448,0.799863
47.100000,0.262392,0.799859
47.100000,0.265460,0.799856
47.100000,0.268747,0.799853
47.100000,0.272473,0.799850
47.100000,0.276857,0.799847
47.200000,0.251622,0.799988
47.200000,0.256223,0.799985
47.200000,0.259948,0.799982
47.200000,0.263235,0.799981
47.200000,0.251166,0.800044
47.200000,0.254015,0.800043
47.300000,0.258397,0.800041
47.300000,0.253568,0.800069
47.300000,0.257293,0.800068
47.300000,0.260580,0.800067
47.300000,0.264087,0.800066
47.300000,0.252674,0.800120
47.300000,0.256181,0.800120
47.400000,0.252228,0.800147
47.400000,0.255077,0.800146
47.400000,0.258583,0.800146
47.400000,0.261652,0.800146
47.400000,0.266036,0.800146
47.400000,0.269543,0.800146
47.500000,0.250888,0.800215
47.500000,0.253737,0.800215
47.500000,0.257682,0.800215
47.500000,0.252633,0.800238
47.500000,0.255701,0.800238
47.500000,0.251529,0.800259
47.500000,0.256131,0.800259
47.600000,0.251959,0.800279
47.600000,0.255685,0.800280
47.600000,0.254365,0.800292
47.600000,0.255458,0.800301
47.600000,0.251504,0.800320
47.700000,0.256765,0.800321
47.700000,0.252592,0.800339
47.700000,0.253688,0.800340
47.700000,0.258730,0.800341
47.700000,0.264431,0.800343
47.700000,0.268597,0.800345
47.800000,0.271667,0.800346
47.800000,0.276054,0.800348
47.800000,0.279783,0.800350
47.800000,0.283292,0.800351
47.800000,0.287461,0.800353
47.800000,0.290751,0.800355
47.900000,0.293604,0.800356
47.900000,0.297992,0.800358
47.900000,0.302820,0.800361
47.900000,0.305453,0.800362
47.900000,0.308526,0.800363
47.900000,0.252090,0.800454
48.000000,0.255599,0.800455
48.000000,0.250767,0.800464
48.000000,0.254495,0.800466
48.000000,0.258003,0.800468
48.000000,0.261074,0.800469
48.000000,0.264364,0.800471
48.000000,0.252506,0.800485
48.100000,0.255357,0.800487
48.100000,0.252060,0.800495
48.100000,0.255349,0.800496
48.100000,0.250736,0.800503
48.100000,0.254903,0.800505
48.100000,0.252045,0.800512
48.200000,0.255554,0.800514
48.200000,0.251160,0.800518
48.200000,0.254011,0.800520
48.200000,0.255544,0.800522
48.200000,0.253346,0.800526
48.200000,0.249829,0.800529
48.200000,0.252900,0.800530
48.300000,0.249164,0.800533
48.300000,0.252234,0.800534
48.300000,0.255305,0.800536
48.300000,0.251350,0.800537
48.300000,0.254640,0.800539
48.300000,0.250465,0.800541
48.400000,0.254413,0.800543
48.400000,0.257704,0.800545
48.400000,0.260775,0.800546
48.400000,0.264066,0.800547
48.400000,0.259451,0.800548
48.400000,0.257032,0.800550
48.500000,0.260761,0.800551
48.500000,0.264272,0.800553
48.500000,0.266686,0.800554
48.500000,0.269977,0.800555
48.500000,0.250868,0.800554
48.500000,0.254159,0.800556
48.500000,0.250861,0.800555
48.600000,0.255249,0.800557
48.600000,0.258759,0.800558
48.600000,0.262928,0.800560
48.600000,0.258753,0.800558
48.600000,0.254596,0.766587
48.600000,0.250008,0.732632
48.700000,0.253742,0.732633
48.700000,0.256377,0.732634
48.700000,0.252020,0.698696
48.700000,0.247234,0.664775
48.700000,0.250090,0.664776
48.700000,0.254266,0.664777
48.700000,0.249271,0.630872
48.800000,0.253447,0.630874
48.800000,0.257624,0.630875
48.800000,0.261362,0.630876
48.800000,0.250212,0.599974
48.800000,0.253730,0.599975
48.800000,0.250650,0.599973
48.900000,0.253289,0.599973
48.900000,0.257027,0.599974
48.900000,0.261205,0.599975
48.900000,0.250426,0.599968
48.900000,0.253725,0.599969
48.900000,0.249545,0.599966
49.000000,0.253503,0.599967
49.000000,0.257461,0.599967
49.000000,0.261419,0.599968
49.000000,0.250640,0.599961
49.000000,0.254379,0.599962
49.100000,0.250419,0.599959
49.100000,0.254157,0.599959
49.100000,0.256576,0.599959
49.100000,0.259874,0.599960
49.100000,0.248656,0.599952
49.100000,0.252394,0.599953
49.100000,0.255253,0.599953
49.200000,0.258771,0.599953
49.200000,0.262290,0.599954
49.200000,0.266248,0.599954
49.200000,0.269547,0.599955
49.200000,0.251729,0.599943
49.200000,0.255468,0.599944
49.300000,0.252167,0.599940
49.300000,0.255686,0.599941
49.300000,0.251946,0.599937
49.300000,0.255464,0.599938
49.300000,0.258983,0.599938
49.300000,0.262942,0.599938
49.400000,0.267120,0.599938
49.400000,0.251062,0.599930
49.400000,0.254581,0.599930
49.400000,0.253920,0.599928
49.400000,0.256339,0.599928
49.400000,0.251279,0.599925
49.400000,0.246220,0.599922
49.500000,0.250618,0.599922
49.500000,0.253257,0.599922
49.500000,0.247318,0.599919
49.500000,0.250177,0.599919
49.500000,0.246876,0.599916
49.500000,0.249516,0.599916
49.500000,0.245995,0.599913
49.600000,0.247975,0.599913
49.600000,0.251493,0.599913
49.600000,0.254572,0.599913
49.600000,0.256112,0.599913
49.600000,0.259191,0.599912
49.600000,0.263370,0.599912
49.600000,0.266889,0.599912
49.700000,0.269968,0.599912
49.700000,0.244230,0.599902
49.700000,0.246649,0.599902
49.700000,0.249948,0.599901
49.700000,0.254127,0.599901
49.700000,0.258306,0.599901
49.800000,0.262485,0.599901
49.800000,0.248845,0.599896
49.800000,0.248625,0.599895
49.800000,0.245324,0.599893
49.800000,0.249063,0.599892
49.800000,0.253462,0.599892
49.900000,0.241143,0.599888
49.900000,0.244222,0.599888
49.900000,0.246641,0.599888
49.900000,0.242241,0.599886
49.900000,0.246860,0.599885
49.900000,0.243340,0.599884
50.000000,0.245099,0.599883
50.000000,0.249718,0.599883
50.000000,0.246857,0.599882
50.000000,0.242897,0.599880
50.000000,0.247736,0.599880
50.000000,0.243996,0.599878
50.100000,0.248175,0.599878
50.100000,0.243995,0.599877
50.100000,0.246194,0.599876
50.100000,0.248834,0.599876
50.100000,0.245313,0.599875
50.100000,0.248833,0.599874
50.100000,0.243553,0.599873
50.200000,0.246192,0.599873
50.200000,0.248171,0.599873
50.200000,0.251691,0.599872
50.200000,0.248391,0.599872
50.200000,0.253889,0.599871
50.200000,0.242890,0.599871
50.300000,0.248828,0.599870
50.300000,0.244648,0.599869
50.300000,0.249927,0.599868
50.300000,0.254547,0.599868
50.300000,0.258946,0.599867
50.400000,0.262685,0.599866
50.400000,0.266865,0.599866
50.400000,0.271704,0.599865
50.400000,0.275003,0.599864
50.400000,0.278743,0.599864
50.500000,0.246403,0.599864
50.500000,0.250803,0.599863
50.500000,0.246403,0.599863
50.500000,0.248822,0.599863
50.500000,0.253002,0.599862
50.500000,0.254981,0.599862
50.500000,0.257401,0.599862
50.600000,0.260481,0.599861
50.600000,0.262680,0.599861
50.600000,0.265760,0.599861
50.600000,0.268180,0.599860
50.600000,0.271919,0.599860
50.600000,0.276099,0.599859
50.600000,0.280058,0.599859
50.700000,0.283578,0.599858
50.700000,0.287317,0.599858
50.700000,0.244198,0.599861
50.700000,0.247498,0.599860
50.700000,0.242878,0.599861
50.700000,0.246178,0.599861
50.800000,0.245297,0.599861
50.800000,0.246837,0.599861
50.800000,0.243097,0.599861
50.800000,0.245737,0.599861
50.800000,0.248596,0.599860
50.800000,0.244636,0.599861
50.800000,0.247716,0.599860
50.900000,0.243976,0.599860
50.900000,0.246835,0.599860
50.900000,0.251675,0.599859
50.900000,0.239575,0.599861
50.900000,0.244854,0.599860
51.000000,0.249694,0.599859
51.000000,0.248814,0.599859
51.000000,0.252553,0.599859
51.000000,0.246833,0.599860
51.000000,0.243093,0.599860
51.000000,0.245733,0.599860
51.100000,0.241113,0.599861
51.100000,0.243093,0.599860
51.100000,0.244193,0.599860
51.100000,0.238253,0.599861
51.100000,0.238913,0.599861
51.100000,0.232973,0.599862
51.100000,0.235833,0.599862
51.100000,0.235832,0.599862
51.100000,0.236492,0.599862
51.200000,0.242432,0.599862
51.200000,0.245952,0.599861
51.200000,0.249691,0.599861
51.200000,0.253871,0.599860
51.200000,0.226811,0.599865
51.200000,0.229671,0.599864
51.300000,0.234291,0.599864
51.300000,0.237591,0.599863
51.300000,0.240891,0.599863
51.300000,0.245510,0.599862
51.300000,0.249030,0.599861
51.300000,0.251230,0.599861
51.300000,0.224171,0.599865
51.400000,0.227690,0.599865
51.400000,0.230770,0.599865
51.400000,0.227030,0.599866
51.400000,0.230990,0.599865
51.400000,0.226150,0.599866
51.400000,0.229010,0.599866
51.500000,0.225490,0.599866
51.500000,0.228350,0.599866
51.500000,0.232530,0.599866
51.500000,0.233850,0.599865
51.500000,0.232530,0.599866
51.500000,0.229010,0.599866
51.600000,0.231870,0.599866
51.600000,0.227030,0.599867
51.600000,0.229890,0.599866
51.600000,0.233190,0.599866
51.600000,0.238470,0.599866
51.600000,0.241990,0.599865
51.700000,0.246830,0.599865
51.700000,0.249689,0.599865
51.700000,0.253429,0.599865
51.700000,0.256509,0.599864
51.700000,0.260469,0.599864
51.700000,0.262009,0.599864
51.700000,0.228130,0.599869
51.800000,0.231870,0.599869
51.800000,0.227910,0.599869
51.800000,0.224611,0.599870
51.800000,0.228791,0.599870
51.800000,0.232531,0.599869
51.800000,0.229671,0.599869
51.900000,0.233411,0.599869
51.900000,0.236931,0.599869
51.900000,0.240671,0.599868
51.900000,0.243531,0.599868
51.900000,0.245511,0.599868
51.900000,0.241551,0.599868
52.000000,0.244851,0.599868
52.000000,0.241331,0.599869
52.000000,0.245511,0.599868
52.000000,0.247711,0.599868
52.000000,0.250571,0.599868
52.000000,0.253211,0.599868
52.000000,0.255851,0.599868
52.000000,0.236492,0.599870
52.100000,0.242212,0.599870
52.100000,0.239573,0.599871
52.100000,0.245073,0.599870
52.100000,0.249473,0.599870
52.200000,0.239353,0.599872
52.200000,0.243533,0.599871
52.200000,0.247493,0.599871
52.200000,0.251013,0.599870
52.200000,0.240014,0.599871
52.300000,0.243754,0.599871
52.300000,0.239355,0.599872
52.300000,0.241995,0.599871
52.300000,0.245955,0.599871
52.300000,0.241555,0.599871
52.300000,0.245515,0.599871
52.300000,0.242216,0.599871
52.400000,0.245296,0.599871
52.400000,0.242216,0.599872
52.400000,0.245956,0.599871
52.400000,0.242657,0.599872
52.400000,0.245957,0.599872
52.500000,0.242878,0.599872
52.500000,0.247278,0.599871
52.500000,0.243538,0.599872
52.500000,0.247718,0.599872
52.500000,0.244639,0.599872
52.600000,0.244420,0.599872
52.600000,0.245300,0.599872
52.600000,0.248600,0.599872
52.600000,0.244640,0.599873
52.600000,0.248380,0.599873
52.600000,0.244861,0.599873
52.600000,0.240462,0.599874
52.700000,0.243982,0.599873
52.700000,0.248162,0.599873
52.700000,0.252342,0.599872
52.700000,0.256082,0.599872
52.700000,0.244644,0.599873
52.700000,0.247724,0.599873
52.800000,0.244864,0.599873
52.800000,0.247724,0.599873
52.800000,0.249485,0.601801
52.800000,0.245746,0.625950
52.800000,0.248387,0.662942
52.800000,0.243550,0.712551
52.800000,0.238933,0.771771
52.900000,0.242235,0.837351
52.900000,0.244877,0.892753
52.900000,0.247079,0.944385
52.900000,0.250381,1.032154
52.900000,0.253464,1.121965
52.900000,0.256988,1.226210
52.900000,0.245113,1.313030
53.000000,0.244456,1.399045
53.000000,0.248859,1.505720
53.000000,0.247982,1.569026
53.000000,0.251725,1.662093
53.000000,0.255468,1.760508
53.000000,0.259651,1.874288
53.100000,0.263394,1.975556
53.100000,0.243821,2.051066
53.100000,0.246903,2.130387
53.100000,0.250426,2.219616
53.100000,0.254168,2.314667
53.100000,0.257691,2.409536
53.100000,0.260773,2.512561
53.200000,0.263636,2.628970
53.200000,0.266500,2.759469
53.200000,0.270684,2.954384
53.200000,0.272666,3.041312
53.200000,0.276410,3.190081
53.200000,0.280152,3.326831
53.200000,0.283234,3.455198
53.300000,0.285436,3.563318
53.300000,0.288960,3.762599
53.300000,0.291823,3.937393
53.300000,0.295567,4.161993
53.300000,0.247161,3.977383
53.300000,0.250243,4.128291
53.400000,0.254644,4.334194
53.400000,0.250908,4.523009
53.400000,0.254430,4.739435
53.400000,0.255753,5.024981
53.400000,0.255098,5.340433
53.400000,0.251582,5.619208
53.500000,0.255761,5.882116
53.500000,0.252464,6.146163
53.500000,0.255982,6.405075
53.500000,0.251807,6.680350
53.500000,0.255105,6.970947
53.500000,0.250270,7.200761
53.600000,0.253127,7.437671
53.600000,0.256203,7.675987
53.600000,0.252024,7.917614
53.600000,0.255976,8.204796
53.600000,0.257291,8.436326
53.600000,0.255090,8.713301
53.600000,0.259039,9.035043
53.700000,0.262548,9.320898
53.700000,0.265618,9.565768
53.700000,0.269562,9.872203
53.700000,0.273067,10.140325
53.700000,0.276133,10.375630
53.700000,0.279417,10.631110
53.800000,0.253494,10.744181
53.800000,0.256778,11.005843
53.800000,0.260061,11.266899
53.800000,0.263343,11.525889
53.800000,0.266842,11.799767
53.800000,0.270776,12.106484
53.900000,0.274272,12.379733
53.900000,0.278858,12.740583
53.900000,0.282351,13.016810
53.900000,0.285406,13.258645
53.900000,0.288023,13.465565
53.900000,0.290857,13.689171
53.900000,0.293473,13.895093
54.000000,0.251771,12.975511
54.000000,0.255263,13.249794
54.000000,0.258317,13.490172
54.000000,0.261589,13.748134
54.000000,0.265513,14.058067
54.000000,0.269870,14.402261
54.100000,0.273137,14.660127
54.100000,0.277926,15.038000
54.100000,0.281406,15.312756
54.100000,0.285538,15.639168
54.100000,0.289232,15.931450
54.100000,0.293142,16.241015
54.200000,0.297267,16.567739
54.200000,0.300305,16.808396
54.200000,0.303125,17.031814
54.200000,0.254488,15.273245
54.200000,0.257750,15.531003
54.200000,0.261663,15.840365
54.300000,0.264923,16.098224
54.300000,0.253714,15.616525
54.300000,0.256540,15.839992
54.300000,0.259582,16.080671
54.300000,0.263708,16.407266
54.300000,0.266747,16.647875
54.300000,0.270219,16.922896
54.400000,0.273690,17.197906
54.400000,0.254807,15.982896
54.400000,0.257195,16.172006
54.400000,0.260450,16.429833
54.400000,0.263054,16.636062
54.400000,0.266307,16.893911
54.400000,0.269341,17.134557
54.500000,0.271075,17.272034
54.500000,0.252170,15.793073
54.500000,0.255206,16.033700
54.500000,0.258025,16.257077
54.500000,0.260843,16.480502
54.500000,0.264959,16.807064
54.500000,0.269291,17.150924
54.600000,0.272971,17.456869
54.600000,0.277299,17.857610
54.600000,0.281191,18.245445
54.600000,0.283784,18.505280
54.600000,0.286592,18.785725
54.600000,0.290262,19.162494
54.700000,0.293282,19.484714
54.700000,0.296947,19.886116
54.700000,0.299962,20.217958
54.700000,0.250137,16.412656
54.700000,0.254025,16.826158
54.700000,0.250005,16.605728
54.800000,0.253457,16.965022
54.800000,0.249432,16.745641
54.800000,0.252235,17.043722
54.800000,0.255898,17.437081
54.800000,0.259988,17.877473
54.800000,0.262784,18.177107
54.800000,0.266008,18.520510
54.900000,0.268800,18.816693
54.900000,0.250893,17.539806
54.900000,0.254545,17.928366
54.900000,0.250502,17.711367
54.900000,0.253721,18.056531
54.900000,0.256938,18.401546
55.000000,0.261223,18.860275
55.000000,0.263792,19.134864
55.000000,0.267215,19.500650
55.000000,0.270421,19.843730
55.000000,0.273626,20.187239
55.000000,0.277681,20.623034
55.100000,0.280879,20.967272
55.100000,0.283862,21.288465
55.100000,0.287056,21.632326
55.100000,0.290672,22.021778
55.100000,0.294710,22.456855
55.100000,0.297895,22.800441
55.200000,0.301713,23.212983
55.200000,0.304468,23.511010
55.200000,0.307433,23.831991
55.200000,0.310395,24.152924
55.200000,0.313989,24.542490
55.200000,0.317580,24.931995
55.200000,0.320745,25.275669
55.300000,0.323696,25.596423
55.300000,0.327065,25.963134
55.300000,0.248043,19.855131
55.300000,0.251014,20.176063
55.300000,0.246503,19.912723
55.300000,0.249469,20.234448
55.300000,0.245586,20.043025
55.400000,0.248968,20.416111
55.400000,0.252770,20.838622
55.400000,0.255939,21.190647
55.400000,0.259955,21.632391
55.400000,0.263969,22.066936
55.400000,0.267135,22.406432
55.500000,0.248091,21.015487
55.500000,0.251682,21.403004
55.500000,0.254848,21.747808
55.500000,0.258434,22.140366
55.500000,0.262438,22.578590
55.600000,0.267280,23.105922
55.600000,0.271065,23.516816
55.600000,0.275478,23.996444
55.600000,0.280095,24.500748
55.600000,0.283870,24.914396
55.600000,0.287012,25.259166
55.700000,0.245326,21.133312
55.700000,0.248058,21.431656
55.700000,0.244764,21.116063
55.700000,0.248541,21.532782
55.700000,0.252108,21.927980
55.700000,0.255254,22.275660
55.800000,0.257141,22.483176
55.800000,0.260704,22.872425
55.800000,0.264682,23.304763
55.800000,0.269285,23.805775
55.800000,0.273465,24.264124
55.800000,0.276807,24.632324
55.900000,0.280980,25.092621
55.900000,0.285149,25.551593
55.900000,0.243384,21.213897
55.900000,0.246729,21.579661
55.900000,0.249863,21.922820
56.000000,0.252787,22.243601
56.000000,0.256126,22.610703
56.000000,0.259463,22.978032
56.000000,0.262173,23.276383
56.000000,0.243894,21.397148
56.000000,0.247611,21.809456
56.000000,0.250737,22.152556
56.100000,0.253859,22.482872
56.100000,0.241568,21.191030
56.100000,0.244691,21.476849
56.100000,0.248230,21.789697
56.100000,0.251977,22.130290
56.100000,0.256139,22.533278
56.200000,0.260505,22.956334
56.200000,0.263204,23.192817
56.200000,0.266942,23.486260
56.200000,0.269436,23.670843
56.200000,0.272138,23.872631
56.200000,0.237572,20.203803
56.300000,0.240905,20.482395
56.300000,0.243821,20.736412
56.300000,0.246737,20.991682
56.300000,0.250903,21.345751
56.300000,0.254235,21.617110
56.300000,0.257150,21.849354
56.400000,0.261732,22.216095
56.400000,0.265688,22.541732
56.400000,0.269018,22.821479
56.400000,0.272557,23.119816
56.400000,0.275886,23.397969
56.400000,0.279214,23.672378
56.400000,0.281295,23.842519
56.500000,0.283998,24.063234
56.500000,0.235293,18.887431
56.500000,0.239046,19.196867
56.500000,0.242382,19.473678
56.500000,0.244884,19.681511
56.500000,0.233625,18.434896
56.600000,0.236753,18.692776
56.600000,0.232376,18.168948
56.600000,0.235712,18.442899
56.600000,0.234855,18.271057
56.600000,0.235297,18.193682
56.600000,0.231759,17.656234
56.700000,0.236140,17.928016
56.700000,0.231348,17.323380
56.700000,0.233853,17.496333
56.700000,0.230521,17.013131
56.700000,0.234278,17.239488
56.700000,0.229906,16.618648
56.800000,0.231994,16.714884
56.800000,0.229090,16.147333
56.800000,0.232435,16.323484
56.800000,0.231833,16.126015
56.800000,0.234972,16.314569
56.800000,0.233930,16.076320
56.800000,0.228942,15.441760
56.900000,0.231872,15.600559
56.900000,0.234594,15.742374
56.900000,0.238366,15.937148
56.900000,0.226724,14.555076
56.900000,0.230076,14.739795
56.900000,0.225728,14.138109
57.000000,0.229291,14.339043
57.000000,0.233065,14.547867
57.000000,0.229142,14.014213
57.000000,0.229878,13.985205
57.000000,0.233654,14.188265
57.000000,0.231517,13.912317
57.000000,0.226972,13.404430
57.100000,0.230329,13.589921
57.100000,0.232848,13.728807
57.100000,0.236209,13.912945
57.100000,0.223569,12.839832
57.100000,0.227136,13.033526
57.100000,0.222602,12.634428
57.100000,0.225960,12.817198
57.200000,0.229740,13.023731
57.200000,0.226047,12.614587
57.200000,0.228719,12.728768
57.200000,0.231870,12.900758
57.200000,0.229497,12.620357
57.300000,0.225598,12.249623
57.300000,0.229589,12.467106
57.300000,0.231691,12.581749
57.300000,0.234424,12.730888
57.300000,0.223481,11.768444
57.300000,0.228311,12.032206
57.400000,0.232935,12.284188
57.400000,0.236720,12.490351
57.400000,0.241349,12.742429
57.400000,0.228704,11.685684
57.400000,0.225469,11.349144
57.400000,0.229040,11.544070
57.500000,0.232402,11.727476
57.500000,0.235345,11.887908
57.500000,0.238500,12.059804
57.500000,0.241866,12.243162
57.500000,0.222656,10.713157
57.500000,0.226014,10.896568
57.600000,0.222352,10.657977
57.600000,0.227179,10.921656
57.600000,0.231379,11.150867
57.600000,0.254574,10.632381
57.600000,0.258450,10.838697
57.700000,0.255911,10.760819
57.700000,0.259355,10.944093
57.700000,0.261937,11.074937
57.700000,0.265380,11.225492
57.700000,0.253841,10.563733
57.700000,0.255992,10.633309
57.700000,0.258573,10.716901
57.800000,0.262232,10.847091
57.800000,0.265245,10.968770
57.800000,0.268688,11.113599
57.800000,0.272346,11.241764
57.800000,0.274714,11.303570
57.800000,0.279234,11.389637
57.900000,0.282895,11.456176
57.900000,0.286557,11.541685
57.900000,0.290005,11.642079
57.900000,0.294099,11.772699
57.900000,0.297763,11.884071
57.900000,0.302506,12.009046
58.000000,0.305955,12.090564
58.000000,0.309190,12.167162
58.000000,0.311562,12.226394
58.000000,0.315445,12.330388
58.000000,0.319976,12.458533
58.000000,0.324291,12.579050
58.100000,0.328823,12.699144
58.100000,0.332923,12.803926
58.100000,0.336377,12.892441
58.100000,0.339183,12.965897
58.100000,0.343069,13.070080
58.200000,0.348035,13.204939
58.200000,0.350842,13.280551
58.200000,0.353217,13.343810
58.200000,0.357752,13.463026
58.200000,0.360992,13.547787
58.200000,0.364016,13.627269
58.300000,0.368552,13.747645
58.300000,0.371576,13.828436
58.300000,0.374384,13.903517
58.300000,0.377625,13.989908
58.300000,0.253774,7.463687
58.300000,0.256366,7.532187
58.300000,0.252345,7.233579
58.400000,0.257311,7.365008
58.400000,0.252860,7.055597
58.400000,0.256531,7.153271
58.400000,0.259339,7.227951
58.400000,0.262148,7.302566
58.400000,0.266037,7.405684
58.500000,0.269495,7.497230
58.500000,0.273385,7.600229
58.500000,0.253988,6.511308
58.500000,0.257876,6.614511
58.500000,0.262196,6.729220
58.500000,0.265221,6.809504
58.600000,0.268247,6.889746
58.600000,0.271056,6.964222
58.600000,0.274731,7.061583
58.600000,0.278407,7.158962
58.600000,0.281002,7.227714
58.600000,0.284029,7.307951
58.600000,0.287923,7.411148
58.700000,0.253177,5.730034
58.700000,0.257063,5.833198
58.700000,0.253711,5.662639
58.700000,0.257813,5.771491
58.700000,0.260188,5.834497
58.700000,0.263428,5.920458
58.800000,0.253707,5.642508
58.800000,0.256081,5.705559
58.800000,0.252733,5.648871
58.800000,0.257265,5.769199
58.800000,0.261151,5.872329
58.800000,0.264606,5.963992
58.900000,0.267413,6.038483
58.900000,0.270221,6.112979
58.900000,0.273462,6.198938
58.900000,0.277783,6.313552
58.900000,0.279728,6.365130
58.900000,0.283402,6.462560
59.000000,0.250234,5.563972
59.000000,0.254547,5.678591
59.000000,0.257999,5.770268
59.000000,0.261451,5.861951
59.000000,0.257008,5.752331
59.000000,0.254106,5.681551
59.100000,0.250758,5.592408
59.100000,0.253992,5.678367
59.100000,0.252153,5.630352
59.100000,0.248806,5.546739
59.100000,0.251608,5.621234
59.100000,0.254410,5.695734
59.200000,0.250200,5.587495
59.200000,0.254295,5.696376
59.200000,0.257098,5.770876
59.200000,0.260117,5.851106
59.200000,0.263352,5.937057
59.200000,0.266372,6.017282
59.300000,0.270040,6.114688
59.300000,0.250931,5.615567
59.300000,0.254594,5.712979
59.300000,0.257611,5.793205
59.300000,0.260845,5.879163
59.300000,0.262570,5.925022
59.300000,0.250267,5.603593
59.400000,0.254576,5.718205
59.400000,0.258239,5.815632
59.400000,0.261688,5.907308
59.400000,0.264922,5.993255
59.400000,0.267726,6.067749
59.400000,0.248193,5.557978
59.400000,0.251423,5.643941
59.500000,0.254223,5.718447
59.500000,0.249582,5.598054
59.500000,0.245805,5.500768
59.500000,0.249249,5.592461
59.500000,0.252909,5.689877
59.500000,0.249130,5.592452
59.600000,0.252790,5.689881
59.600000,0.248796,5.586664
59.600000,0.252025,5.672620
59.600000,0.248702,5.586676
59.600000,0.251260,5.655438
59.600000,0.246836,5.540891
59.600000,0.250494,5.638312
59.700000,0.246071,5.523688
59.700000,0.248868,5.598186
59.700000,0.245521,5.512216
59.700000,0.249608,5.621086
59.700000,0.247336,5.563828
59.700000,0.250347,5.644054
59.800000,0.246139,5.535230
59.800000,0.249581,5.626919
59.800000,0.247559,5.575352
59.800000,0.250786,5.661319
59.800000,0.252040,5.695697
59.800000,0.256559,5.816040
59.900000,0.244270,5.495143
59.900000,0.247494,5.581109
59.900000,0.244147,5.495164
59.900000,0.247587,5.586859
59.900000,0.242950,5.466549
59.900000,0.247464,5.586898
60.000000,0.243687,5.489482
60.000000,0.247985,5.604102
60.000000,0.246842,5.575463
60.000000,0.250711,5.678611
60.000000,0.254151,5.770302
60.000000,0.257163,5.850536
60.000000,0.258884,5.896386
60.100000,0.243960,5.505275
60.100000,0.247827,5.583732
60.100000,0.242975,5.420620
60.100000,0.247056,5.448076
60.100000,0.251140,5.474273
60.100000,0.246503,5.308782
60.200000,0.243589,5.182106
60.200000,0.246383,5.217910
60.200000,0.246545,5.146668
60.200000,0.249555,5.132814
60.200000,0.248414,4.996906
60.200000,0.244213,4.775398
60.300000,0.249593,4.765972
60.300000,0.253255,4.782212
60.300000,0.256056,4.797118
60.300000,0.244860,4.419267
60.300000,0.248522,4.417883
60.300000,0.243467,4.214362
60.400000,0.246913,4.179948
60.400000,0.250145,4.123760
60.400000,0.246384,3.833607
60.400000,0.249403,3.734368
60.400000,0.250019,3.553240
60.400000,0.252826,3.462177
60.400000,0.257364,3.339416
60.500000,0.249673,2.917310
60.500000,0.253349,2.834610
60.500000,0.256812,2.747137
60.500000,0.245216,2.266704
60.500000,0.248462,2.171854
60.500000,0.243861,1.895743
60.600000,0.247759,1.789142
60.600000,0.250793,1.711278
60.600000,0.254045,1.630386
60.600000,0.257083,1.553432
60.600000,0.250959,1.220013
60.600000,0.249194,0.914787
60.700000,0.246124,0.491169
60.700000,0.250247,0.235406
60.700000,0.254157,0.005225
60.700000,0.243699,0.632154
60.700000,0.247177,0.800433
60.800000,0.244350,1.210036
60.800000,0.249138,1.453200
60.800000,0.251533,1.583634
60.800000,0.255019,1.778686
60.800000,0.258507,1.972514
60.800000,0.261779,2.148064
60.800000,0.264179,2.272570
60.900000,0.245285,3.023211
60.900000,0.248120,3.166618
60.900000,0.251175,3.323224
60.900000,0.246202,3.643542
60.900000,0.248166,3.747700
60.900000,0.243420,4.082791
60.900000,0.246912,4.270254
61.000000,0.251280,4.502035
61.000000,0.254776,4.684613
61.000000,0.257836,4.843121
61.000000,0.261335,5.024357
61.000000,0.265274,5.229729
61.000000,0.246059,5.765235
61.000000,0.241787,6.011510
61.100000,0.245721,6.219239
61.100000,0.249658,6.426030
61.100000,0.251845,6.540437
61.100000,0.255128,6.711681
61.100000,0.244641,6.954362
61.100000,0.247922,7.126042
61.200000,0.244549,7.303519
61.200000,0.248269,7.498871
61.200000,0.246199,7.758663
61.200000,0.248404,7.923163
61.200000,0.244608,8.113891
61.200000,0.248110,8.297034
61.300000,0.250957,8.445907
61.300000,0.247170,8.556078
61.300000,0.250017,8.705190
61.300000,0.246238,8.691242
61.300000,0.250400,8.909188
61.300000,0.246623,8.847508
61.400000,0.250347,9.042186
61.400000,0.254731,9.252069
61.400000,0.245399,9.082512
61.400000,0.249126,9.202849
61.400000,0.253950,9.361750
61.400000,0.256800,9.469141
61.500000,0.251308,9.356438
61.500000,0.246884,9.265467
61.500000,0.250392,9.378694
61.500000,0.246410,9.269139
61.500000,0.249261,9.319588
61.500000,0.252332,9.372925
61.500000,0.248792,9.208664
61.600000,0.245255,8.911752
61.600000,0.248323,9.007127
61.600000,0.251610,9.109601
61.600000,0.249980,8.898977
61.600000,0.252452,8.873593
61.600000,0.248028,8.570180
61.600000,0.250220,8.621115
61.700000,0.247326,8.368613
61.700000,0.251928,8.493398
61.700000,0.248154,8.183258
61.700000,0.252317,8.296930
61.700000,0.248100,7.976086
61.800000,0.251825,8.070310
61.800000,0.248041,7.781612
61.800000,0.252204,7.888463
61.800000,0.255053,7.963488
61.800000,0.258121,8.045420
61.800000,0.262287,8.156724
61.800000,0.265137,8.232035
61.900000,0.270181,8.363113
61.900000,0.273911,8.459202
61.900000,0.276982,8.538616
61.900000,0.281590,8.658889
61.900000,0.286418,8.785890
62.000000,0.290369,8.889757
62.000000,0.293882,8.981595
62.000000,0.298492,9.101524
62.000000,0.302664,9.209935
62.000000,0.306398,9.307172
62.100000,0.261118,7.111070
62.100000,0.263097,7.162806
62.100000,0.254653,6.629695
62.100000,0.251412,6.348152
62.100000,0.254709,6.434071
62.100000,0.256687,6.485590
62.100000,0.260424,6.582864
62.200000,0.249096,5.895294
62.200000,0.253053,5.998466
62.200000,0.249583,5.711973
62.200000,0.252001,5.775080
62.200000,0.255958,5.878287
62.200000,0.259035,5.958517
62.200000,0.262332,6.044454
62.300000,0.250328,5.339215
62.300000,0.256483,5.499659
62.300000,0.261319,5.625788
62.300000,0.265715,5.740426
62.300000,0.268792,5.820666
62.400000,0.249770,5.046180
62.400000,0.253067,5.132134
62.400000,0.255925,5.206636
62.400000,0.260101,5.315538
62.400000,0.264058,5.418703
62.400000,0.266915,5.493209
62.500000,0.270652,5.590636
62.500000,0.251611,5.095378
62.500000,0.255567,5.198534
62.500000,0.252078,5.072454
62.500000,0.255156,5.152686
62.500000,0.258013,5.227186
62.500000,0.261090,5.307417
62.600000,0.263728,5.376189
62.600000,0.267025,5.462149
62.600000,0.269883,5.536651
62.600000,0.250396,5.038870
62.600000,0.253034,5.107640
62.600000,0.255232,5.164949
62.600000,0.258309,5.245179
62.700000,0.247587,4.956325
62.700000,0.250884,5.042284
62.700000,0.253302,5.105328
62.700000,0.257479,5.214224
62.700000,0.261215,5.311648
62.700000,0.265172,5.414809
62.800000,0.247437,4.950582
62.800000,0.250953,5.042286
62.800000,0.255130,5.151168
62.800000,0.259086,5.254335
62.800000,0.247480,4.953501
62.800000,0.251436,5.056656
62.900000,0.247061,4.940572
62.900000,0.250798,5.037999
62.900000,0.253875,5.118223
62.900000,0.258271,5.232840
62.900000,0.247541,4.952793
62.900000,0.251278,5.050216
63.000000,0.247121,4.941127
63.000000,0.249759,5.009898
63.000000,0.253275,5.101598
63.000000,0.249775,5.009540
63.000000,0.251975,5.066793
63.000000,0.255272,5.152749
63.000000,0.258788,5.244444
63.100000,0.261426,5.313211
63.100000,0.264942,5.404895
63.100000,0.269777,5.530978
63.100000,0.273293,5.622664
63.100000,0.246111,4.912150
63.100000,0.250507,5.026772
63.200000,0.254902,5.141385
63.200000,0.259078,5.250266
63.200000,0.262594,5.341962
63.200000,0.265890,5.427932
63.200000,0.270285,5.542542
63.300000,0.274899,5.662891
63.300000,0.249470,4.998118
63.300000,0.253206,5.095526
63.300000,0.249704,5.003840
63.300000,0.253000,5.089795
63.300000,0.256296,5.175760
63.400000,0.260252,5.278925
63.400000,0.248852,4.980895
63.400000,0.252367,5.072585
63.400000,0.256543,5.181457
63.400000,0.260937,5.296078
63.500000,0.265771,5.422153
63.500000,0.268627,5.496646
63.500000,0.272582,5.599785
63.500000,0.276976,5.714396
63.500000,0.280491,5.806085
63.500000,0.284226,5.899596
63.500000,0.250009,4.983417
63.600000,0.253307,5.020873
63.600000,0.256824,5.042605
63.600000,0.259903,5.060361
63.600000,0.262981,5.087715
63.600000,0.267377,5.149012
63.700000,0.261901,4.921727
63.700000,0.265420,4.919198
63.700000,0.257090,4.605683
63.700000,0.260830,4.572329
63.700000,0.266329,4.553043
63.700000,0.269848,4.564483
63.800000,0.273807,4.585308
63.800000,0.276886,4.592725
63.800000,0.250997,3.781973
63.800000,0.254519,3.714717
63.800000,0.257161,3.652497
63.800000,0.260903,3.570265
63.800000,0.263985,3.520340
63.900000,0.267506,3.484178
63.900000,0.270807,3.450569
63.900000,0.253037,2.771548
63.900000,0.257001,2.643149
63.900000,0.259644,2.547520
63.900000,0.262948,2.434505
64.000000,0.250878,1.961547
64.000000,0.253740,1.892801
64.000000,0.257263,1.820177
64.000000,0.260565,1.751169
64.000000,0.264749,1.608936
64.000000,0.268054,1.426510
64.100000,0.273125,1.076484
64.100000,0.275990,0.883824
64.100000,0.279516,0.681377
64.100000,0.282819,0.527034
64.100000,0.286782,0.362813
64.100000,0.290085,0.218540
64.200000,0.294710,0.017681
64.200000,0.298013,0.206680
64.200000,0.302417,0.462217
64.200000,0.306380,0.677804
64.200000,0.311001,0.908688
64.200000,0.314522,1.079094
64.300000,0.318702,1.287654
64.300000,0.322442,1.484016
64.300000,0.326181,1.686336
64.300000,0.329480,1.864811
64.300000,0.333438,2.074269
64.300000,0.336516,2.233082
64.400000,0.340472,2.434565
64.400000,0.343988,2.614370
64.400000,0.250579,5.341217
64.400000,0.254093,5.526311
64.400000,0.249914,5.895536
64.400000,0.253647,6.092370
64.500000,0.249686,6.418385
64.500000,0.252540,6.566531
64.500000,0.257588,6.828079
64.500000,0.261318,7.022227
64.500000,0.250319,7.362289
64.600000,0.254048,7.558092
64.600000,0.258434,7.788146
64.600000,0.262381,7.994482
64.600000,0.266108,8.188886
64.600000,0.269615,8.371810
64.600000,0.273998,8.600848
64.700000,0.276627,8.738487
64.700000,0.280571,8.945160
64.700000,0.284513,9.151767
64.700000,0.287359,9.300865
64.700000,0.292394,9.564337
64.700000,0.250206,9.520875
64.800000,0.255682,9.807322
64.800000,0.252154,9.904388
64.800000,0.255220,10.064962
64.800000,0.259380,10.282839
64.800000,0.262226,10.431875
64.800000,0.265509,10.603785
64.900000,0.268135,10.741308
64.900000,0.271198,10.901739
64.900000,0.274699,11.085111
64.900000,0.279073,11.314421
64.900000,0.282353,11.486376
64.900000,0.285195,11.635415
64.900000,0.288474,11.807345
65.000000,0.292189,12.002190
65.000000,0.296340,12.219950
65.000000,0.299835,12.403339
65.000000,0.303766,12.609703
65.000000,0.307478,12.804565
65.100000,0.311189,12.999435
65.100000,0.314899,13.194318
65.100000,0.317735,13.343325
65.100000,0.321661,13.549679
65.100000,0.325369,13.744534
65.100000,0.329510,13.955501
65.100000,0.249592,10.577639
65.200000,0.251997,10.671600
65.200000,0.255056,10.775278
65.200000,0.257897,10.865112
65.200000,0.261830,10.992535
65.200000,0.265325,11.098269
65.200000,0.268602,11.184736
65.200000,0.248573,10.072186
65.300000,0.252726,10.165951
65.300000,0.256442,10.254673
65.300000,0.260596,10.364570
65.300000,0.265842,10.512751
65.300000,0.269777,10.613560
65.400000,0.272181,10.656445
65.400000,0.276333,10.695174
65.400000,0.280048,10.711263
65.400000,0.283763,10.731687
65.400000,0.287697,10.748093
65.400000,0.291850,10.748781
65.500000,0.296440,10.735341
65.500000,0.300595,10.724039
65.500000,0.305188,10.722707
65.500000,0.248423,7.616288
65.500000,0.252366,7.623645
65.500000,0.255433,7.626964
65.600000,0.258720,7.626856
65.600000,0.261787,7.624138
65.600000,0.264198,7.621396
65.600000,0.267266,7.618589
65.600000,0.253374,6.689003
65.600000,0.251820,6.449459
65.600000,0.254670,6.451302
65.700000,0.258179,6.453237
65.700000,0.262127,6.453848
65.700000,0.264978,6.453227
65.700000,0.268487,6.451909
65.700000,0.248651,5.282012
65.700000,0.251723,5.281523
65.800000,0.247962,4.892086
65.800000,0.251473,4.892828
65.800000,0.255862,4.893617
65.800000,0.260472,4.893662
65.800000,0.265081,4.893124
65.800000,0.268594,4.892735
65.900000,0.248313,3.723462
65.900000,0.251386,3.723491
65.900000,0.254021,3.723647
65.900000,0.257534,3.723907
65.900000,0.245843,2.944640
65.900000,0.249356,2.944649
65.900000,0.252651,2.944535
66.000000,0.248452,2.554655
66.000000,0.252406,2.554544
66.000000,0.248867,2.164795
66.000000,0.253260,2.164897
66.000000,0.256774,2.164968
66.000000,0.259410,2.164990
66.100000,0.247946,1.437967
66.100000,0.252120,1.437899
66.100000,0.255195,1.437854
66.100000,0.250785,1.194112
66.100000,0.254300,1.194117
66.100000,0.258474,1.194143
66.200000,0.262209,1.194158
66.200000,0.265505,1.194156
66.200000,0.270118,1.194130
66.200000,0.273194,1.194107
66.200000,0.276271,1.194090
66.200000,0.279347,1.194083
66.300000,0.282863,1.194082
66.300000,0.249416,0.254576
66.300000,0.252272,0.254572
66.300000,0.256446,0.254560
66.300000,0.260401,0.254543
66.300000,0.263037,0.254532
66.300000,0.266113,0.254520
66.400000,0.270288,0.254510
66.400000,0.251826,0.195889
66.400000,0.255780,0.195882
66.400000,0.260834,0.195869
66.400000,0.265228,0.195855
66.500000,0.268965,0.203833
66.500000,0.271822,0.229718
66.500000,0.263346,0.293455
66.500000,0.259612,0.377737
66.500000,0.263348,0.447323
66.500000,0.260492,0.508757
66.600000,0.261810,0.522269
66.600000,0.266206,0.585832
66.600000,0.262471,0.676002
66.600000,0.266208,0.800600
66.600000,0.269066,0.900806
66.600000,0.273681,1.043827
66.700000,0.276538,1.115122
66.700000,0.281152,1.213398
66.700000,0.261810,1.281422
66.700000,0.265325,1.366632
66.700000,0.268181,1.444346
66.700000,0.272354,1.565354
66.800000,0.275869,1.665994
66.800000,0.279383,1.760342
66.800000,0.261135,1.864610
66.800000,0.265087,1.960771
66.800000,0.269039,2.060084
66.800000,0.273210,2.170271
66.900000,0.277381,2.283387
66.900000,0.280454,2.366193
66.900000,0.262201,2.475613
66.900000,0.265931,2.571382
66.900000,0.270319,2.683423
67.000000,0.259758,2.796838
67.000000,0.263048,2.883359
67.000000,0.266996,2.987902
67.000000,0.263688,3.097904
67.000000,0.263678,3.206815
67.000000,0.266967,3.292185
67.100000,0.270695,3.388873
67.100000,0.276615,3.543298
67.100000,0.269567,3.641106
67.100000,0.273075,3.733209
67.100000,0.275925,3.807910
67.100000,0.278555,3.876701
67.200000,0.261384,4.014452
67.200000,0.265330,4.136355
67.200000,0.267741,4.229001
67.200000,0.260033,4.374209
67.200000,0.263320,4.528408
67.200000,0.262210,4.657710
67.300000,0.265278,4.785202
67.300000,0.269440,4.940378
67.300000,0.272288,5.053509
67.300000,0.275574,5.210486
67.300000,0.278861,5.396298
67.300000,0.281270,5.543236
67.300000,0.254201,5.717449
67.300000,0.256609,5.858078
67.400000,0.259673,6.023226
67.400000,0.263394,6.212454
67.400000,0.267770,6.464712
67.400000,0.261368,6.571438
67.400000,0.260462,6.810635
67.500000,0.257571,7.049752
67.500000,0.262161,7.415798
67.500000,0.266531,7.771215
67.500000,0.255489,7.723311
67.500000,0.259199,8.014715
67.500000,0.254330,7.993452
67.600000,0.258473,8.313906
67.600000,0.262179,8.603628
67.600000,0.265664,8.879811
67.600000,0.269367,9.175343
67.600000,0.263169,9.191376
67.600000,0.260706,9.330044
67.700000,0.257353,9.461341
67.700000,0.260180,9.721300
67.700000,0.263875,10.083235
67.700000,0.267784,10.472777
67.700000,0.256936,10.509099
67.700000,0.260841,10.917824
67.800000,0.257473,11.166783
67.800000,0.261155,11.569606
67.800000,0.265699,12.057669
67.800000,0.260794,12.184893
67.800000,0.263387,12.454573
67.800000,0.260879,12.726411
67.900000,0.256629,12.875843
67.900000,0.260078,13.244968
67.900000,0.263740,13.639284
67.900000,0.267829,14.078434
67.900000,0.272344,14.559357
68.000000,0.275566,14.901009
68.000000,0.279644,15.333955
68.000000,0.282646,15.654234
68.000000,0.256362,15.246565
68.000000,0.260855,15.747132
68.000000,0.263638,16.045983
68.100000,0.267702,16.481637
68.100000,0.256158,16.457413
68.100000,0.259576,16.823355
68.100000,0.263205,17.212605
68.100000,0.266618,17.579499
68.100000,0.270454,17.992584
68.200000,0.274926,18.474499
68.200000,0.277478,18.749639
68.200000,0.280880,19.116230
68.200000,0.285127,19.574330
68.200000,0.288734,19.963862
68.200000,0.291914,20.307700
68.300000,0.295091,20.651662
68.300000,0.299534,21.133295
68.300000,0.257869,19.411887
68.300000,0.261684,19.824446
68.300000,0.264860,20.168227
68.300000,0.268245,20.534939
68.400000,0.272473,20.993404
68.400000,0.275852,21.360245
68.400000,0.257006,20.240783
68.400000,0.260808,20.653434
68.400000,0.264185,21.020229
68.400000,0.267770,21.409906
68.500000,0.271774,21.845362
68.500000,0.253119,20.494760
68.500000,0.256701,20.884482
68.500000,0.261544,21.411712
68.500000,0.264069,21.686746
68.500000,0.267222,22.030596
68.600000,0.269744,22.305667
68.600000,0.272473,22.603658
68.600000,0.251917,20.999216
68.600000,0.255279,21.365967
68.600000,0.258640,21.732734
68.600000,0.261578,22.053666
68.600000,0.249744,20.920492
68.700000,0.252263,21.195571
68.700000,0.255618,21.562327
68.700000,0.259181,21.952042
68.700000,0.248591,20.843220
68.700000,0.251314,21.141259
68.700000,0.248213,20.856918
68.800000,0.251771,21.246650
68.800000,0.255744,21.682168
68.800000,0.259292,22.072349
68.800000,0.261587,22.331694
68.800000,0.265538,22.816080
68.800000,0.245948,20.861386
68.900000,0.248428,21.207596
68.900000,0.251727,21.671245
68.900000,0.246906,21.264231
68.900000,0.242493,20.893815
68.900000,0.245592,21.299829
68.900000,0.242226,21.088641
68.900000,0.245935,21.636765
69.000000,0.250463,22.322845
69.000000,0.246051,22.001254
69.000000,0.249354,22.468727
69.000000,0.249568,22.596620
69.000000,0.248456,22.578274
69.000000,0.244044,22.213585
69.100000,0.246927,22.610359
69.100000,0.250425,23.103563
69.100000,0.253714,23.572939
69.100000,0.242197,22.510440
69.100000,0.245684,22.998614
69.100000,0.241663,22.700918
69.200000,0.244529,23.096373
69.200000,0.247393,23.493658
69.200000,0.251071,24.009052
69.200000,0.245646,23.606394
69.200000,0.243408,23.489203
69.200000,0.239569,23.227275
69.300000,0.242826,23.684709
69.300000,0.246080,24.141029
69.300000,0.241826,23.818327
69.300000,0.237568,23.496835
69.300000,0.240408,23.898449
69.300000,0.235740,23.520992
69.400000,0.239589,24.065837
69.400000,0.243231,24.581142
69.400000,0.239565,24.345255
69.400000,0.242279,24.779837
69.400000,0.245103,25.180771
69.400000,0.248530,25.667954
69.500000,0.238871,24.820096
69.500000,0.241487,25.191887
69.500000,0.236595,24.773428
69.500000,0.232504,24.436788
69.500000,0.236118,24.863211
69.500000,0.240333,25.310955
69.600000,0.244148,25.707889
69.600000,0.248163,26.152886
69.600000,0.251776,26.580092
69.600000,0.255187,26.991460
69.600000,0.241724,25.626284
69.600000,0.238295,25.309174
69.700000,0.241506,25.667746
69.700000,0.243914,25.933574
69.700000,0.247928,26.380862
69.700000,0.251138,26.747015
69.700000,0.252742,26.932669
69.700000,0.256553,27.376635
69.800000,0.259560,27.725794
69.800000,0.262963,28.117040
69.800000,0.266561,28.528610
69.800000,0.269558,28.874476
69.800000,0.273732,29.363343
69.800000,0.277709,29.802278
69.900000,0.281504,30.182109
69.900000,0.284902,30.503200
69.900000,0.287900,30.785951
69.900000,0.290898,31.077796
69.900000,0.294095,31.395938
69.900000,0.297291,31.696913
70.000000,0.300287,31.953697
70.000000,0.228658,22.945605
70.000000,0.231878,23.195067
70.000000,0.235101,23.455266
70.000000,0.238124,23.714347
70.000000,0.241753,24.038605
70.100000,0.244779,24.309731
70.100000,0.248612,24.624576
70.100000,0.252043,24.860847
70.100000,0.255276,25.057324
70.100000,0.259522,25.318462
70.100000,0.263166,25.570186
70.200000,0.266204,25.797591
70.200000,0.269850,26.054457
70.200000,0.272890,26.233199
70.200000,0.276338,26.401670
70.200000,0.279790,26.559456
70.200000,0.283042,26.721806
70.300000,0.286704,26.931252
70.300000,0.223433,18.413208
70.300000,0.226287,18.589032
70.300000,0.229348,18.767091
70.300000,0.233842,19.009277
70.300000,0.236705,19.158949
70.400000,0.239571,19.311521
70.400000,0.242644,19.481399
70.400000,0.222812,16.713071
70.400000,0.226908,16.950916
70.400000,0.229572,17.104106
70.400000,0.233059,17.293194
70.500000,0.221584,15.753296
70.500000,0.225482,15.891644
70.500000,0.222119,15.311223
70.500000,0.226026,15.461896
70.500000,0.229114,15.598404
70.500000,0.232617,15.748642
70.600000,0.235917,15.857565
70.600000,0.239015,15.928581
70.600000,0.242117,15.983991
70.600000,0.245844,16.056381
70.600000,0.249785,16.159666
70.600000,0.253106,16.256692
70.700000,0.218648,12.395930
70.700000,0.221546,12.437099
70.700000,0.224240,12.456473
70.700000,0.220121,11.687020
70.700000,0.223650,11.694580
70.700000,0.227393,11.690822
70.800000,0.216970,10.133245
70.800000,0.220926,10.126492
70.800000,0.217684,9.466621
70.800000,0.221232,9.471996
70.800000,0.223949,9.475833
70.800000,0.226879,9.477862
70.900000,0.250646,8.774665
70.900000,0.253645,8.772092
70.900000,0.257933,8.768654
70.900000,0.261795,8.767881
70.900000,0.265875,8.769380
70.900000,0.269528,8.771237
71.000000,0.250535,7.055182
71.000000,0.253758,7.055027
71.000000,0.256982,7.054152
71.000000,0.260639,7.053033
71.000000,0.264729,7.052455
71.000000,0.267529,7.052606
71.100000,0.270761,7.053112
71.100000,0.275289,7.053779
71.100000,0.279388,7.053860
71.100000,0.283274,7.053532
71.100000,0.287162,7.053115
71.100000,0.289971,7.052942
71.200000,0.249316,4.450585
71.200000,0.253413,4.450798
71.200000,0.256218,4.450933
71.200000,0.259887,4.450991
71.200000,0.265287,4.450840
71.300000,0.269826,4.450669
71.300000,0.274152,4.451059
71.300000,0.249168,2.896161
71.300000,0.253272,2.962875
71.300000,0.256081,3.021394
71.400000,0.259972,3.098802
71.400000,0.250328,2.435785
71.400000,0.253352,2.469114
71.400000,0.255728,2.506497
71.400000,0.258970,2.583838
71.400000,0.262430,2.695761
71.400000,0.265890,2.819243
71.500000,0.269566,2.939913
71.500000,0.274107,3.058387
71.500000,0.277784,3.137545
71.500000,0.281462,3.217742
71.500000,0.284925,3.303766
71.600000,0.288820,3.413477
71.600000,0.292284,3.515915
71.600000,0.295964,3.621532
71.600000,0.299861,3.725175
71.600000,0.303325,3.811711
71.600000,0.306790,3.897268
71.600000,0.309389,3.963096
71.700000,0.311988,4.031199
71.700000,0.249184,2.809223
71.700000,0.251767,2.880750
71.700000,0.254995,2.969474
71.700000,0.258224,3.056300
71.700000,0.261670,3.146829
71.700000,0.263823,3.202810
71.800000,0.267055,3.290042
71.800000,0.247472,3.367458
71.800000,0.250912,3.506636
71.800000,0.253922,3.647124
71.800000,0.256932,3.791925
71.800000,0.259942,3.933941
71.800000,0.247525,4.052080
71.900000,0.251173,4.242151
71.900000,0.247645,4.455542
71.900000,0.250861,4.638998
71.900000,0.247112,4.844240
71.900000,0.250110,5.005175
71.900000,0.253536,5.183203
72.000000,0.256749,5.348358
72.000000,0.261033,5.572366
72.000000,0.264031,5.733369
72.000000,0.268315,5.967233
72.000000,0.272385,6.189112
72.000000,0.275597,6.361872
72.100000,0.279452,6.566449
72.100000,0.247284,6.827085
72.100000,0.249416,6.940840
72.100000,0.254106,7.193223
72.100000,0.257517,7.377922
72.100000,0.260503,7.539476
72.200000,0.264554,7.757790
72.200000,0.268180,7.952121
72.200000,0.272018,8.157472
72.200000,0.276497,8.397479
72.200000,0.279696,8.569447
72.300000,0.284814,8.845141
72.300000,0.289079,9.074693
72.300000,0.292278,9.246576
72.300000,0.295477,9.418264
72.300000,0.299101,9.612805
72.300000,0.302939,9.818931
72.400000,0.306351,10.002315
72.400000,0.309975,10.197268
72.400000,0.313385,10.380753
72.400000,0.316369,10.541230
72.400000,0.248309,9.694612
72.400000,0.247770,9.805237
72.400000,0.250523,9.954153
72.500000,0.252430,10.057257
72.500000,0.255608,10.229138
72.500000,0.258998,10.412525
72.500000,0.261966,10.573013
72.500000,0.264721,10.722035
72.500000,0.267053,10.848103
72.500000,0.270657,11.042908
72.600000,0.273837,11.214783
72.600000,0.277654,11.421053
72.600000,0.280835,11.592955
72.600000,0.284228,11.776308
72.600000,0.247027,10.891111
72.600000,0.245818,10.941813
72.700000,0.242381,10.967918
72.700000,0.247027,11.220015
72.700000,0.250196,11.391917
72.700000,0.253365,11.563789
72.700000,0.242249,11.181895
72.700000,0.244571,11.307969
72.800000,0.248371,11.514220
72.800000,0.252172,11.720489
72.800000,0.255130,11.880932
72.800000,0.243159,11.276476
72.800000,0.247590,11.517148
72.800000,0.250967,11.700486
72.900000,0.254768,11.906737
72.900000,0.244274,11.367777
72.900000,0.248071,11.574032
72.900000,0.243986,11.371824
72.900000,0.248203,11.601055
72.900000,0.251367,11.772953
73.000000,0.254743,11.956311
73.000000,0.243826,11.386550
73.000000,0.247409,11.581386
73.000000,0.250571,11.753267
73.000000,0.253734,11.925155
73.000000,0.257531,12.131455
73.100000,0.261751,12.360631
73.100000,0.264283,12.498169
73.100000,0.266183,12.601289
73.100000,0.270194,12.819057
73.100000,0.273360,12.990960
73.100000,0.238985,11.206722
73.200000,0.242772,11.413004
73.200000,0.246562,11.619315
73.200000,0.250142,11.814118
73.200000,0.238178,11.194208
73.200000,0.242595,11.434836
73.200000,0.246382,11.641112
73.300000,0.251014,11.893264
73.300000,0.253330,12.019315
73.300000,0.257331,12.232237
73.300000,0.261544,12.420360
73.300000,0.264494,12.527108
73.300000,0.267867,12.638082
73.400000,0.271875,12.778188
73.400000,0.238564,10.993758
73.400000,0.242561,11.162843
73.400000,0.245297,11.257440
73.400000,0.248666,11.342530
73.400000,0.251405,11.394260
73.500000,0.254990,11.459187
73.500000,0.258156,11.529912
73.500000,0.262803,11.664641
73.500000,0.266820,11.795236
73.500000,0.270628,11.905125
73.600000,0.274437,11.968180
73.600000,0.277401,11.986472
73.600000,0.280367,11.994047
73.600000,0.283760,12.009059
73.600000,0.286731,12.024556
73.600000,0.290128,12.034891
73.600000,0.293316,12.034082
73.700000,0.296080,12.027174
73.700000,0.299060,12.017843
73.700000,0.235271,8.503836
73.700000,0.238663,8.503093
73.700000,0.241422,8.506652
73.700000,0.245032,8.512135
73.700000,0.248221,8.499723
73.800000,0.251625,8.454507
73.800000,0.254393,8.398392
73.800000,0.258017,8.317709
73.800000,0.261858,8.235465
73.800000,0.265490,8.148141
73.800000,0.269769,8.028481
73.900000,0.273624,7.912901
73.900000,0.277269,7.806793
73.900000,0.281348,7.697417
73.900000,0.233735,4.857304
73.900000,0.236947,4.776753
74.000000,0.233604,4.280533
74.000000,0.236606,4.198482
74.000000,0.239824,4.108999
74.000000,0.242401,4.037686
74.000000,0.245841,3.944419
74.000000,0.249283,3.853509
74.000000,0.252729,3.763933
74.100000,0.235019,2.476952
74.100000,0.238462,2.385488
74.100000,0.234731,1.897422
74.100000,0.237962,1.810238
74.100000,0.242059,1.700453
74.100000,0.230964,0.823973
74.200000,0.234197,0.738664
74.200000,0.237002,0.664758
74.200000,0.231578,0.223868
74.200000,0.235030,0.132310
74.200000,0.232213,0.200211
74.200000,0.233289,0.354395
74.200000,0.228969,0.678597
74.300000,0.233504,0.799116
74.300000,0.237178,0.896372
74.300000,0.240638,0.987803
74.300000,0.241937,1.022099
74.300000,0.230294,1.651222
74.300000,0.233104,1.725728
74.300000,0.237214,1.834762
74.400000,0.240462,1.920859
74.400000,0.243711,2.006894
74.400000,0.247831,2.115762
74.400000,0.232352,2.673658
74.400000,0.234950,2.742361
74.400000,0.238199,2.828284
74.500000,0.241884,2.925727
74.500000,0.234823,3.235790
74.500000,0.232518,3.395773
74.500000,0.227840,3.497661
74.500000,0.231303,3.589348
74.500000,0.226415,3.644844
74.500000,0.229662,3.730790
74.600000,0.232261,3.799550
74.600000,0.234644,3.862574
74.600000,0.229541,3.903455
74.600000,0.232357,3.977968
74.600000,0.235608,4.063950
74.600000,0.239079,4.155652
74.600000,0.243854,4.281746
74.700000,0.247982,4.390618
74.700000,0.230077,4.304185
74.700000,0.232678,4.372960
74.700000,0.234413,4.418813
74.700000,0.237233,4.493325
74.700000,0.240489,4.579294
74.800000,0.245051,4.699651
74.800000,0.248963,4.802790
74.800000,0.252443,4.894479
74.800000,0.255707,4.980439
74.800000,0.259408,5.077855
74.800000,0.226743,4.218844
74.900000,0.229778,4.299079
74.900000,0.233249,4.390773
74.900000,0.236071,4.465278
74.900000,0.239111,4.545511
74.900000,0.241935,4.620016
74.900000,0.244761,4.694515
74.900000,0.247806,4.774744
75.000000,0.251722,4.877901
75.000000,0.256948,5.015433
75.000000,0.260434,5.107130
75.000000,0.263703,5.193094
75.000000,0.266755,5.273323
75.000000,0.269809,5.353553
75.000000,0.272864,5.433783
75.100000,0.276138,5.519746
75.100000,0.228815,4.248594
75.100000,0.231420,4.317361
75.100000,0.234895,4.409066
75.100000,0.238807,4.512232
75.100000,0.228813,4.241791
75.200000,0.232070,4.327742
75.200000,0.235982,4.430889
75.200000,0.239460,4.522581
75.200000,0.232965,4.803625
75.200000,0.236475,4.895318
75.200000,0.240205,4.992736
75.300000,0.230681,4.740526
75.300000,0.227019,4.643134
75.300000,0.230308,4.729087
75.300000,0.234257,4.832239
75.300000,0.230374,4.729232
75.400000,0.227150,4.643204
75.400000,0.231098,4.746343
75.400000,0.234827,4.843756
75.400000,0.230285,4.723346
75.400000,0.234454,4.832225
75.400000,0.238623,4.941102
75.500000,0.234518,4.832251
75.500000,0.231072,4.734862
75.500000,0.235462,4.806141
75.500000,0.231358,4.638017
75.500000,0.234871,4.657044
75.500000,0.231205,4.485168
75.600000,0.235157,4.499096
75.600000,0.239109,4.495659
75.600000,0.242403,4.484371
75.600000,0.246137,4.472075
75.600000,0.250090,4.467608
75.600000,0.252725,4.467683
75.700000,0.233812,3.868566
75.700000,0.237105,3.828095
75.700000,0.240837,3.757287
75.700000,0.244131,3.689023
75.700000,0.232615,3.240250
75.700000,0.235029,3.206614
75.700000,0.231353,2.968837
75.800000,0.233985,2.927533
75.800000,0.237715,2.837620
75.800000,0.241665,2.709070
75.800000,0.232320,2.236388
75.800000,0.235390,2.140863
75.800000,0.238459,2.060275
75.800000,0.241309,1.996222
75.900000,0.236317,1.667418
75.900000,0.240042,1.580756
75.900000,0.243986,1.475292
75.900000,0.247492,1.373969
75.900000,0.228963,0.682183
76.000000,0.232902,0.575610
76.000000,0.235966,0.498147
76.000000,0.232265,0.204250
76.000000,0.235547,0.091263
76.000000,0.234901,0.231591
76.000000,0.236000,0.461606
76.000000,0.232072,0.821779
76.100000,0.236444,1.039976
76.100000,0.232948,1.446207
76.100000,0.236880,1.664468
76.100000,0.233595,2.085968
76.100000,0.236870,2.258237
76.200000,0.232705,2.620503
76.200000,0.237504,2.864444
76.200000,0.240775,3.033878
76.200000,0.244046,3.206804
76.200000,0.236580,3.749832
76.200000,0.237000,4.016400
76.300000,0.232382,4.361029
76.300000,0.235865,4.543402
76.300000,0.238476,4.679357
76.300000,0.233635,5.010156
76.300000,0.240812,5.387412
76.400000,0.230680,6.030842
76.400000,0.234590,6.238197
76.400000,0.239152,6.478864
76.400000,0.242627,6.661570
76.400000,0.235123,6.970614
76.400000,0.235074,7.241461
76.500000,0.238763,7.436506
76.500000,0.241367,7.574357
76.500000,0.244838,7.759543
76.500000,0.233579,7.990364
76.500000,0.236615,8.193799
76.500000,0.233043,8.464275
76.500000,0.236511,8.718627
76.600000,0.232934,8.968089
76.600000,0.236615,9.255126
76.600000,0.232165,9.360242
76.600000,0.236710,9.737947
76.600000,0.240386,10.038390
76.700000,0.245358,10.430570
76.700000,0.249246,10.731577
76.700000,0.252270,10.967147
76.700000,0.232624,10.711328
76.700000,0.234998,10.901525
76.700000,0.231179,10.972740
76.700000,0.234629,11.251812
76.800000,0.229946,11.318855
76.800000,0.233394,11.622386
76.800000,0.236410,11.909788
76.800000,0.231724,12.002579
76.800000,0.235813,12.410976
76.800000,0.240328,12.841469
76.900000,0.243765,13.155595
76.900000,0.232014,13.054500
76.900000,0.235021,13.368658
76.900000,0.230323,13.444924
76.900000,0.233111,13.767573
76.900000,0.229478,13.866057
76.900000,0.232690,14.217569
77.000000,0.229477,14.299454
77.000000,0.232898,14.648183
77.000000,0.228824,14.597755
77.000000,0.231600,14.894559
77.000000,0.234568,15.256698
77.000000,0.237554,15.586823
77.100000,0.233068,15.479439
77.100000,0.228985,15.470832
77.100000,0.232817,15.879469
77.100000,0.228517,15.831023
77.100000,0.232558,16.261450
77.100000,0.228891,16.277434
77.200000,0.232501,16.670376
77.200000,0.229678,16.789185
77.200000,0.232436,17.087883
77.200000,0.228344,17.056373
77.200000,0.230878,17.341354
77.200000,0.227623,17.406906
77.300000,0.231221,17.796150
77.300000,0.234394,18.140659
77.300000,0.238621,18.600470
77.300000,0.227233,18.199917
77.300000,0.230611,18.528075
77.300000,0.226288,18.423020
77.400000,0.229032,18.661165
77.400000,0.232197,18.940715
77.400000,0.227874,18.844169
77.400000,0.225082,18.808519
77.400000,0.228880,19.166684
77.400000,0.231199,19.365311
77.400000,0.234572,19.626113
77.500000,0.229345,19.271332
77.500000,0.226073,19.033162
77.500000,0.229449,19.306850
77.500000,0.234303,19.725887
77.500000,0.237467,19.999531
77.600000,0.225649,19.062942
77.600000,0.229659,19.383244
77.600000,0.233880,19.713240
77.600000,0.237679,20.015222
77.600000,0.241477,20.326160
77.600000,0.245064,20.624922
77.700000,0.226822,19.231002
77.700000,0.230201,19.507138
77.700000,0.225665,19.108766
77.700000,0.229257,19.396902
77.700000,0.233271,19.720474
77.700000,0.237495,20.064677
77.800000,0.225465,18.885469
77.800000,0.229481,19.214431
77.800000,0.225788,18.817859
77.800000,0.229171,19.097853
77.800000,0.233823,19.524457
77.900000,0.236782,19.821312
77.900000,0.224108,18.425968
77.900000,0.226855,18.706210
77.900000,0.230447,19.058168
77.900000,0.231925,19.197457
77.900000,0.235305,19.510620
77.900000,0.238896,19.865782
78.000000,0.242473,20.263175
78.000000,0.246244,20.718996
78.000000,0.249797,21.155617
78.000000,0.223362,18.481954
78.000000,0.227356,18.928943
78.000000,0.230930,19.311879
78.100000,0.234087,19.644708
78.100000,0.237452,20.002211
78.100000,0.224970,18.724010
78.100000,0.228333,19.093761
78.100000,0.230645,19.350419
78.100000,0.234425,19.769984
78.100000,0.237783,20.139181
78.200000,0.241139,20.504221
78.200000,0.222194,18.551857
78.200000,0.225129,18.869857
78.200000,0.229111,19.304390
78.200000,0.232462,19.672757
78.200000,0.235812,20.041897
78.300000,0.238114,20.295321
78.300000,0.242087,20.731499
78.300000,0.246057,21.165875
78.300000,0.248981,21.485676
78.300000,0.253156,21.943308
78.300000,0.257327,22.402217
78.400000,0.260034,22.701073
78.400000,0.263158,23.046941
78.400000,0.221719,19.434715
78.400000,0.217973,19.293263
78.400000,0.221933,19.727490
78.400000,0.225892,20.160880
78.500000,0.229223,20.526553
78.500000,0.232970,20.939272
78.500000,0.220886,20.049039
78.500000,0.223591,20.347773
78.500000,0.219420,20.152031
78.500000,0.224202,20.678919
78.600000,0.227527,21.045056
78.600000,0.231267,21.457074
78.600000,0.234381,21.800778
78.600000,0.214795,20.359359
78.600000,0.217702,20.680533
78.600000,0.221646,21.116404
78.700000,0.226003,21.597775
78.700000,0.230358,22.078890
78.700000,0.233467,22.422574
78.700000,0.236989,22.812260
78.700000,0.240510,23.202069
78.700000,0.244028,23.591908
78.800000,0.247131,23.935879
78.800000,0.213388,21.230914
78.800000,0.215668,21.483027
78.800000,0.219604,21.918529
78.800000,0.222710,22.262379
78.800000,0.226023,22.629189
78.900000,0.229334,22.996090
78.900000,0.232438,23.340033
78.900000,0.235744,23.707529
78.900000,0.216389,21.804806
78.900000,0.212864,21.395455
78.900000,0.216381,21.789491
79.000000,0.211994,21.359064
79.000000,0.215512,21.748312
79.000000,0.210489,21.262269
79.000000,0.213593,21.603627
79.000000,0.217317,22.014415
79.000000,0.220625,22.381268
79.100000,0.225173,22.887384
79.100000,0.214302,21.772177
79.100000,0.216783,22.047345
79.100000,0.211966,21.572021
79.100000,0.215274,21.937936
79.100000,0.219407,22.395621
79.200000,0.223746,22.877037
79.200000,0.227463,23.290250
79.200000,0.208674,21.363271
79.200000,0.211567,21.684433
79.200000,0.214872,22.051204
79.200000,0.218997,22.510335
79.300000,0.222706,22.926879
79.300000,0.211203,21.767585
79.300000,0.208030,21.477719
79.300000,0.211740,21.899646
79.300000,0.214629,22.224757
79.300000,0.217311,22.523203
79.400000,0.205604,21.330183
79.400000,0.208700,21.669622
79.400000,0.211590,21.987555
79.400000,0.215098,22.376551
79.400000,0.218606,22.768400
79.400000,0.222525,23.207114
79.500000,0.204139,21.328169
79.500000,0.207234,21.671373
79.500000,0.203443,21.303983
79.500000,0.207157,21.715283
79.500000,0.209839,22.013113
79.500000,0.212934,22.357503
79.600000,0.215822,22.679292
79.600000,0.205145,21.602274
79.600000,0.209065,22.037944
79.600000,0.204654,21.602369
79.600000,0.207130,21.877044
79.600000,0.209603,22.152260
79.700000,0.212692,22.498236
79.700000,0.220783,21.533409
79.700000,0.223350,21.812595
79.700000,0.226339,22.125585
79.700000,0.220820,21.535456
79.700000,0.223388,21.773322
79.700000,0.226598,22.054089
79.700000,0.230447,22.385497
79.800000,0.233439,22.640741
79.800000,0.237712,22.989274
79.800000,0.241556,23.288421
79.800000,0.244972,23.551716
79.800000,0.248815,23.854262
79.900000,0.253082,24.201436
79.900000,0.256281,24.466024
79.900000,0.260119,24.782069
79.900000,0.263529,25.058477
79.900000,0.268215,25.432593
79.900000,0.272898,25.806009
80.000000,0.276513,26.098522
80.000000,0.280548,26.430780
80.000000,0.284368,26.748639
80.000000,0.287337,26.996172
80.000000,0.290093,27.225298
80.000000,0.294760,27.609987
80.100000,0.297731,27.852009
80.100000,0.219722,19.543548
80.100000,0.222731,19.781761
80.100000,0.225095,19.968956
80.100000,0.228531,20.242032
80.100000,0.232181,20.517659
80.100000,0.234542,20.679429
80.200000,0.237547,20.867815
80.200000,0.241194,21.084203
80.200000,0.245056,21.314614
80.200000,0.248059,21.486711
80.200000,0.250632,21.625624
80.200000,0.221482,18.424666
80.200000,0.219243,17.981088
80.300000,0.222906,18.164659
80.300000,0.227000,18.380116
80.300000,0.230447,18.569159
80.300000,0.233895,18.760194
80.300000,0.215809,16.663608
80.400000,0.219480,16.857123
80.400000,0.215028,16.232252
80.400000,0.219997,16.490638
80.400000,0.215761,15.885564
80.400000,0.219868,16.105155
80.400000,0.224621,16.332623
80.500000,0.228727,16.485457
80.500000,0.232835,16.617280
80.500000,0.235862,16.718848
80.500000,0.239538,16.859086
80.500000,0.244727,17.072868
80.600000,0.247970,17.180495
80.600000,0.250781,17.249299
80.600000,0.253809,17.305915
80.600000,0.257054,17.362694
80.600000,0.216347,12.839457
80.600000,0.219164,12.882081
80.600000,0.216014,12.380523
80.700000,0.219707,12.494864
80.700000,0.224052,12.614109
80.700000,0.227528,12.695583
80.700000,0.215590,11.571351
80.700000,0.220155,11.613364
80.700000,0.214838,11.051370
80.800000,0.218537,11.077778
80.800000,0.222237,11.120568
80.800000,0.225937,11.178990
80.800000,0.231597,11.238965
80.800000,0.213039,9.465626
80.900000,0.216744,9.431606
80.900000,0.221323,9.398677
80.900000,0.224159,9.395499
80.900000,0.212026,8.214582
80.900000,0.216611,8.239512
80.900000,0.212616,7.655341
81.000000,0.216766,7.654043
81.000000,0.220043,7.644481
81.000000,0.223539,7.633736
81.000000,0.214460,6.618861
81.000000,0.216191,6.467881
81.000000,0.219690,6.474367
81.100000,0.213943,5.943985
81.100000,0.217224,5.947519
81.100000,0.221162,5.946885
81.100000,0.224226,5.943846
81.100000,0.213176,5.078422
81.100000,0.217335,5.076797
81.200000,0.214221,4.708365
81.200000,0.216630,4.709942
81.200000,0.220352,4.711844
81.200000,0.224295,4.712199
81.200000,0.215023,4.079324
81.200000,0.216540,3.928259
81.300000,0.212774,3.534424
81.300000,0.216499,3.534542
81.300000,0.219786,3.535180
81.300000,0.223073,3.535861
81.300000,0.210725,2.764793
81.300000,0.214451,2.764782
81.300000,0.217300,2.764477
81.400000,0.213326,2.421712
81.400000,0.216614,2.421420
81.400000,0.213954,2.177506
81.400000,0.218119,2.177790
81.400000,0.222285,2.178009
81.400000,0.221615,2.041261
81.500000,0.213026,1.630887
81.500000,0.216096,1.630745
81.500000,0.219386,1.630606
81.500000,0.222895,1.630538
81.500000,0.211890,1.318702
81.500000,0.215618,1.318777
81.600000,0.212749,1.090077
81.600000,0.217794,1.090032
81.600000,0.222181,1.089950
81.600000,0.215802,0.870360
81.600000,0.215793,0.765350
81.700000,0.212055,0.715903
81.700000,0.215564,0.715913
81.700000,0.211826,0.619925
81.700000,0.215336,0.619900
81.700000,0.211820,0.548034
81.700000,0.215549,0.548008
81.800000,0.212254,0.602527
81.800000,0.215545,0.602521
81.800000,0.213127,0.628683
81.800000,0.217075,0.628670
81.800000,0.220805,0.628651
81.900000,0.224535,0.628630
81.900000,0.229363,0.628606
81.900000,0.233094,0.628591
81.900000,0.235288,0.628583
81.900000,0.239239,0.628568
81.900000,0.243409,0.628550
82.000000,0.246922,0.628534
82.000000,0.250434,0.628517
82.000000,0.253947,0.628501
82.000000,0.257240,0.628487
82.000000,0.261632,0.628468
82.000000,0.266023,0.628449
82.100000,0.271074,0.628428
82.100000,0.214021,0.199113
82.100000,0.217101,0.199101
82.100000,0.220840,0.199086
82.100000,0.224360,0.199071
82.100000,0.227219,0.199060
82.200000,0.230519,0.199046
82.200000,0.233158,0.199036
82.200000,0.236678,0.199022
82.200000,0.216882,0.200076
82.200000,0.220402,0.200063
82.200000,0.223701,0.200050
82.200000,0.227221,0.200037
82.300000,0.230520,0.200025
82.300000,0.234920,0.200008
82.300000,0.215564,0.199501
82.300000,0.219084,0.199488
82.300000,0.223483,0.199471
82.300000,0.227003,0.199458
82.400000,0.215346,0.198879
82.400000,0.218645,0.198867
82.400000,0.215347,0.199110
82.400000,0.218646,0.199099
82.400000,0.222826,0.199084
82.400000,0.227445,0.199068
82.500000,0.231624,0.199053
82.500000,0.214029,0.199076
82.500000,0.216889,0.199068
82.500000,0.220628,0.199057
82.500000,0.223488,0.199048
82.500000,0.211171,0.199198
82.600000,0.214250,0.199188
82.600000,0.217550,0.199177
82.600000,0.220629,0.199167
82.600000,0.225469,0.199153
82.600000,0.229648,0.199141
82.600000,0.233167,0.199131
82.700000,0.237127,0.199120
82.700000,0.239986,0.199112
82.700000,0.243506,0.199101
82.700000,0.245925,0.199094
82.700000,0.210954,0.199212
82.700000,0.214473,0.199202
82.700000,0.209415,0.199234
82.800000,0.213154,0.199223
82.800000,0.217333,0.199211
82.800000,0.212715,0.199238
82.800000,0.210736,0.199249
82.800000,0.213595,0.199241
82.800000,0.213376,0.199244
82.800000,0.209417,0.199267
82.900000,0.213156,0.199258
82.900000,0.216676,0.199249
82.900000,0.213157,0.199272
82.900000,0.208099,0.199298
82.900000,0.212278,0.199288
82.900000,0.208540,0.199310
83.000000,0.212939,0.199300
83.000000,0.217338,0.199290
83.000000,0.212279,0.199313
83.000000,0.211400,0.199322
83.000000,0.215799,0.199312
83.000000,0.215360,0.199320
83.100000,0.212061,0.199342
83.100000,0.216020,0.199335
83.100000,0.218880,0.199330
83.100000,0.221299,0.199326
83.100000,0.210303,0.199375
83.100000,0.212722,0.199371
83.100000,0.208104,0.199395
83.200000,0.211183,0.199390
83.200000,0.214263,0.199387
83.200000,0.209205,0.199412
83.200000,0.212944,0.199407
83.200000,0.216903,0.199399
83.200000,0.219762,0.199393
83.200000,0.208986,0.199441
83.300000,0.210746,0.199437
83.300000,0.206567,0.199459
83.300000,0.210086,0.199454
83.300000,0.212946,0.199450
83.300000,0.216905,0.199444
83.300000,0.219984,0.199439
83.400000,0.224383,0.199431
83.400000,0.228122,0.199425
83.400000,0.232301,0.199418
83.400000,0.211188,0.199499
83.400000,0.214927,0.199494
83.400000,0.213168,0.199507
83.500000,0.217567,0.199502
83.500000,0.206352,0.199545
83.500000,0.210751,0.199540
83.500000,0.207452,0.199556
83.500000,0.210751,0.199552
83.500000,0.206353,0.199569
83.600000,0.211412,0.199563
83.600000,0.208114,0.199580
83.600000,0.211413,0.199576
83.600000,0.212952,0.199578
83.600000,0.216911,0.199574
83.600000,0.214053,0.199587
83.700000,0.210974,0.199604
83.700000,0.214493,0.199600
83.700000,0.210535,0.199616
83.700000,0.214274,0.199613
83.700000,0.210976,0.199629
83.800000,0.215375,0.199624
83.800000,0.211416,0.199639
83.800000,0.215155,0.199635
83.800000,0.211197,0.199650
83.800000,0.214057,0.199648
83.800000,0.216036,0.199648
83.800000,0.218895,0.199645
83.900000,0.216257,0.199659
83.900000,0.211859,0.199674
83.900000,0.214938,0.199672
83.900000,0.210760,0.199688
83.900000,0.208121,0.199701
83.900000,0.212300,0.199698
84.000000,0.208122,0.199710
84.000000,0.212301,0.199708
84.000000,0.207683,0.199720
84.000000,0.211862,0.199718
84.000000,0.214061,0.199718
84.000000,0.210543,0.199729
84.100000,0.213622,0.199727
84.100000,0.216921,0.199726
84.100000,0.220660,0.199724
84.100000,0.225059,0.199722
84.100000,0.213404,0.199742
84.100000,0.216483,0.199740
84.100000,0.212305,0.199754
84.200000,0.215824,0.199753
84.200000,0.218683,0.199751
84.200000,0.222862,0.199749
84.200000,0.226601,0.199747
84.200000,0.230560,0.199745
84.200000,0.234519,0.199744
84.300000,0.237818,0.199742
84.300000,0.241337,0.199741
84.300000,0.245076,0.199739
84.300000,0.212309,0.199796
84.300000,0.215388,0.199795
84.300000,0.219127,0.199793
84.400000,0.222866,0.199792
84.400000,0.226165,0.199791
84.400000,0.228804,0.199791
84.400000,0.232543,0.199790
84.400000,0.236502,0.199790
84.400000,0.239581,0.199789
84.500000,0.213192,0.199828
84.500000,0.216491,0.199828
84.500000,0.219350,0.199827
84.500000,0.221989,0.199827
84.500000,0.225728,0.199827
84.500000,0.229907,0.199826
84.600000,0.211875,0.199847
84.600000,0.215394,0.199846
84.600000,0.218693,0.199846
84.600000,0.222212,0.199845
84.600000,0.226170,0.199845
84.600000,0.229689,0.199844
84.600000,0.210338,0.199863
84.700000,0.213857,0.199862
84.700000,0.218035,0.199861
84.700000,0.213198,0.199868
84.700000,0.209680,0.199874
84.700000,0.212979,0.199874
84.700000,0.216498,0.199873
84.800000,0.213200,0.199879
84.800000,0.217378,0.199879
84.800000,0.221997,0.199879
84.800000,0.225295,0.199878
84.800000,0.229254,0.199878
84.900000,0.232773,0.199878
84.900000,0.236512,0.199878
84.900000,0.239811,0.199878
84.900000,0.242670,0.199878
84.900000,0.246409,0.199877
84.900000,0.213424,0.199901
85.000000,0.217602,0.199901
85.000000,0.221781,0.199902
85.000000,0.225740,0.205631
85.000000,0.229700,0.242549
85.000000,0.232340,0.286657
85.000000,0.218270,0.358213
85.100000,0.217173,0.431133
85.100000,0.221134,0.489436
85.100000,0.225535,0.537601
85.100000,0.229937,0.617536
85.100000,0.232138,0.677875
85.100000,0.213012,0.787104
85.200000,0.217417,0.939913
85.200000,0.221820,1.069388
85.200000,0.225563,1.156188
85.200000,0.229966,1.247881
85.200000,0.233488,1.327985
85.200000,0.237011,1.419914
85.300000,0.239874,1.501419
85.300000,0.214154,1.622975
85.300000,0.218559,1.750499
85.300000,0.222303,1.880821
85.300000,0.226268,2.047027
85.400000,0.231776,2.295173
85.400000,0.235301,2.443209
85.400000,0.239046,2.585997
85.400000,0.243011,2.747612
85.400000,0.246096,2.899811
85.400000,0.250062,3.127250
85.500000,0.254470,3.392736
85.500000,0.214035,3.638600
85.500000,0.219322,3.898525
85.500000,0.222626,4.054320
85.500000,0.227472,4.294603
85.600000,0.232539,4.568770
85.600000,0.214313,4.829703
85.600000,0.217618,5.059750
85.600000,0.222466,5.408223
85.600000,0.227093,5.734512
85.700000,0.232160,6.117183
85.700000,0.236124,6.439117
85.700000,0.217469,6.748514
85.700000,0.219011,6.874313
85.700000,0.222534,7.154695
85.700000,0.225836,7.408612
85.800000,0.230238,7.740978
85.800000,0.233758,8.009323
85.800000,0.214237,8.231678
85.800000,0.219077,8.615408
85.800000,0.222597,8.895907
85.800000,0.226775,9.225652
85.900000,0.231830,9.618620
85.900000,0.235126,9.873491
85.900000,0.239299,10.197839
85.900000,0.243471,10.525029
85.900000,0.246983,10.801952
86.000000,0.250713,11.096025
86.000000,0.254442,11.388917
86.000000,0.257731,11.646328
86.000000,0.261676,11.954618
86.000000,0.264963,12.211784
86.000000,0.269343,12.555601
86.100000,0.272845,12.831298
86.100000,0.276784,13.141505
86.100000,0.280283,13.416924
86.100000,0.216876,12.795167
86.100000,0.220825,13.104314
86.100000,0.224114,13.361947
86.200000,0.227840,13.654143
86.200000,0.216936,13.616050
86.200000,0.220444,13.891415
86.200000,0.216531,13.951110
86.200000,0.219820,14.219678
86.200000,0.224204,14.615977
86.300000,0.228148,15.002188
86.300000,0.227658,15.257127
86.300000,0.224847,15.377003
86.300000,0.227913,15.650366
86.300000,0.231416,15.977719
86.400000,0.236668,16.531033
86.400000,0.225579,16.197147
86.400000,0.229518,16.639243
86.400000,0.226707,16.708393
86.400000,0.230205,17.072296
86.400000,0.233047,17.385904
86.500000,0.236979,17.855923
86.500000,0.225903,17.583566
86.500000,0.228744,17.941740
86.500000,0.224405,17.854765
86.500000,0.228335,18.317550
86.500000,0.233353,18.930262
86.600000,0.236187,19.304143
86.600000,0.239237,19.724514
86.600000,0.243154,20.271895
86.600000,0.246632,20.746544
86.600000,0.250757,21.287028
86.600000,0.253793,21.674767
86.700000,0.258126,22.232892
86.700000,0.224913,19.889396
86.700000,0.228608,20.442856
86.700000,0.231865,20.949227
86.700000,0.235769,21.551836
86.700000,0.239452,22.119626
86.800000,0.242913,22.663296
86.800000,0.246153,23.182740
86.800000,0.227479,21.983343
86.800000,0.230939,22.542386
86.800000,0.233746,22.992530
86.800000,0.237197,23.540852
86.800000,0.240858,24.119537
86.900000,0.244084,24.630545
86.900000,0.225635,23.461125
86.900000,0.229510,24.082312
86.900000,0.232950,24.635967
86.900000,0.235741,25.085148
86.900000,0.239814,25.739166
87.000000,0.244521,26.493425
87.000000,0.225674,25.255052
87.000000,0.230581,26.048215
87.000000,0.233967,26.612511
87.000000,0.237554,27.229102
87.100000,0.240920,27.821204
87.100000,0.244489,28.452287
87.100000,0.226703,27.432227
87.100000,0.229648,27.939131
87.100000,0.234062,28.694080
87.100000,0.237004,29.196530
87.200000,0.240992,29.880097
87.200000,0.245175,30.602062
87.200000,0.248934,31.252170
87.200000,0.252900,31.936441
87.200000,0.257058,32.653914
87.300000,0.261003,33.334192
87.300000,0.264735,33.979223
87.300000,0.268656,34.661900
87.300000,0.271955,35.238392
87.300000,0.275040,35.779446
87.300000,0.278327,36.356584
87.400000,0.282018,37.004137
87.400000,0.220351,30.904877
87.400000,0.223935,31.501185
87.400000,0.227307,32.051153
87.400000,0.231515,32.727630
87.400000,0.235504,33.370118
87.500000,0.239696,34.055368
87.500000,0.243462,34.679437
87.500000,0.246594,35.200747
87.500000,0.249512,35.685419
87.500000,0.253467,36.338436
87.600000,0.222080,32.350895
87.600000,0.225445,32.898186
87.600000,0.230062,33.654220
87.600000,0.220369,32.281146
87.600000,0.223732,32.833093
87.600000,0.226031,33.222735
87.700000,0.230014,33.875170
87.700000,0.233990,34.526809
87.700000,0.236706,34.972880
87.700000,0.239210,35.385120
87.700000,0.243169,36.038699
87.700000,0.246080,36.520561
87.800000,0.220628,32.444631
87.800000,0.223775,32.960296
87.800000,0.226290,33.372546
87.800000,0.230474,34.059436
87.800000,0.233397,34.540331
87.800000,0.236526,35.055809
87.800000,0.239233,35.502763
87.900000,0.242767,36.087281
87.900000,0.246296,36.671744
87.900000,0.249611,37.221728
87.900000,0.252920,37.771591
87.900000,0.219833,32.430800
87.900000,0.222973,32.946390
88.000000,0.219516,32.324177
88.000000,0.223686,33.016826
88.000000,0.226802,33.542920
88.000000,0.230734,34.217551
88.000000,0.221737,32.671899
88.000000,0.221685,32.666894
88.100000,0.216919,31.875051
88.100000,0.219804,32.359555
88.100000,0.214599,31.465746
88.100000,0.217307,31.885262
88.100000,0.212540,31.037717
88.100000,0.216698,31.653096
88.100000,0.220864,32.238516
88.200000,0.224616,32.743282
88.200000,0.213215,30.719889
88.200000,0.216771,31.194656
88.200000,0.219488,31.565427
88.200000,0.222621,32.000696
88.200000,0.225333,32.380910
88.200000,0.229293,32.934194
88.300000,0.233456,33.507802
88.300000,0.236367,33.904889
88.300000,0.217052,30.593352
88.300000,0.220398,31.047744
88.300000,0.223936,31.522765
88.300000,0.212350,29.609491
88.400000,0.215904,30.042950
88.400000,0.219454,30.469583
88.400000,0.222582,30.843536
88.400000,0.226965,31.343401
88.400000,0.230726,31.747921
88.400000,0.233859,32.076268
88.500000,0.236992,32.406781
88.500000,0.240957,32.837702
88.500000,0.245128,33.305065
88.500000,0.248879,33.728358
88.500000,0.252212,34.099721
88.500000,0.254917,34.396734
88.600000,0.257206,34.645644
88.600000,0.234895,26.637968
88.600000,0.237484,26.909853
88.600000,0.241581,27.344677
88.600000,0.246321,27.852976
88.600000,0.248267,27.936704
88.700000,0.239308,26.320619
88.700000,0.243189,26.731692
88.700000,0.238479,25.837315
88.700000,0.241284,26.133848
88.700000,0.239150,25.515406
88.800000,0.243464,25.975282
88.800000,0.240674,25.289008
88.800000,0.244555,25.701358
88.800000,0.248647,26.115058
88.800000,0.243890,25.063701
88.800000,0.242389,24.519795
88.900000,0.238932,23.687435
88.900000,0.242385,24.006283
88.900000,0.239154,23.204087
88.900000,0.243466,23.580469
88.900000,0.240898,22.718245
89.000000,0.244999,23.009922
89.000000,0.248450,23.268123
89.000000,0.251685,23.527673
89.000000,0.254488,23.762888
89.000000,0.256859,23.964457
89.000000,0.260306,24.253353
89.000000,0.248009,22.198632
89.100000,0.250598,22.400787
89.100000,0.246734,21.634606
89.100000,0.241486,20.853044
89.100000,0.244295,21.070089
89.100000,0.239687,20.320550
89.100000,0.243576,20.590878
89.100000,0.247681,20.846112
89.200000,0.252647,21.143059
89.200000,0.256101,21.341767
89.200000,0.259985,21.547294
89.200000,0.262575,21.676166
89.200000,0.266459,21.867026
89.200000,0.270127,22.054108
89.300000,0.273579,22.239165
89.300000,0.277244,22.427000
89.300000,0.279832,22.540228
89.300000,0.283066,22.658120
89.300000,0.286516,22.767854
89.300000,0.290182,22.883358
89.400000,0.293200,22.972540
89.400000,0.296435,23.058504
89.400000,0.300748,23.162039
89.400000,0.304415,23.249508
89.400000,0.307868,23.337607
89.400000,0.312183,23.456432
89.500000,0.315852,23.560533
89.500000,0.319305,23.652579
89.500000,0.323406,23.725682
89.500000,0.326211,23.750362
89.500000,0.330530,23.770526
89.500000,0.333769,23.789352
89.600000,0.338521,23.808911
89.600000,0.341762,23.808582
89.600000,0.346085,23.795683
89.600000,0.349978,23.783881
89.600000,0.354089,23.780669
89.700000,0.357336,23.785024
89.700000,0.360150,23.790968
89.700000,0.363615,23.796934
89.700000,0.366647,23.798736
89.700000,0.369247,23.797573
89.700000,0.239455,8.969131
89.700000,0.244265,8.964751
89.800000,0.248421,8.964738
89.800000,0.252358,8.967320
89.800000,0.239773,7.666873
89.800000,0.244369,7.668691
89.800000,0.248091,7.668286
89.800000,0.251594,7.666925
89.900000,0.239453,6.466900
89.900000,0.242958,6.466176
89.900000,0.246025,6.466287
89.900000,0.234312,5.292155
89.900000,0.238476,5.292975
89.900000,0.241544,5.293241
90.000000,0.237112,4.701791
90.000000,0.240620,4.701361
90.000000,0.243250,4.700970
90.000000,0.246539,4.700695
90.000000,0.249828,4.700672
90.000000,0.241429,3.845457
90.000000,0.240753,3.603538
90.100000,0.237204,3.149184
90.100000,0.239178,3.135495
90.100000,0.243124,3.080209
90.100000,0.239361,2.586862
90.100000,0.236916,2.123761
90.100000,0.239767,2.083057
90.200000,0.235789,1.665439
90.200000,0.239956,1.602307
90.200000,0.243465,1.512257
90.200000,0.247413,1.379728
90.200000,0.251143,1.250124
90.200000,0.255532,1.120681
90.300000,0.260140,1.006178
90.300000,0.264090,0.880393
90.300000,0.237900,0.269394
90.300000,0.241410,0.435880
90.300000,0.237448,0.786451
90.400000,0.242276,0.984051
90.400000,0.238973,1.356627
90.400000,0.236334,1.739891
90.400000,0.240943,2.011307
90.400000,0.242917,2.257487
90.400000,0.240941,2.480803
90.500000,0.244453,2.656484
90.500000,0.247966,2.823492
90.500000,0.251919,3.015104
90.500000,0.255872,3.219404
90.500000,0.237441,3.438505
90.600000,0.241174,3.643342
90.600000,0.244249,3.808346
90.600000,0.240084,3.992051
90.600000,0.243598,4.170652
90.600000,0.247332,4.359773
90.600000,0.250406,4.517730
90.600000,0.254799,4.748087
90.700000,0.258312,4.934709
90.700000,0.244545,5.131497
90.700000,0.248901,5.361413
90.700000,0.252821,5.566064
90.700000,0.256740,5.770329
90.800000,0.261093,5.998657
90.800000,0.242363,6.196248
90.800000,0.246060,6.392327
90.800000,0.249757,6.588083
90.800000,0.253671,6.794463
90.800000,0.256931,6.965899
90.900000,0.259974,7.125801
90.900000,0.264103,7.343150
90.900000,0.268014,7.549588
90.900000,0.272358,7.779305
90.900000,0.275832,7.963022
90.900000,0.279089,8.135050
91.000000,0.282345,8.306896
91.000000,0.285601,8.478635
91.000000,0.288856,8.650391
91.000000,0.247451,8.782163
91.000000,0.250270,8.931228
91.000000,0.253523,9.103277
91.100000,0.258294,9.355592
91.100000,0.261329,9.516089
91.100000,0.265013,9.710896
91.100000,0.268048,9.871318
91.100000,0.271515,10.054691
91.100000,0.275847,10.283952
91.200000,0.280179,10.513222
91.200000,0.246924,9.886415
91.200000,0.243785,9.902747
91.200000,0.247249,10.086144
91.200000,0.251146,10.292467
91.200000,0.254610,10.475830
91.300000,0.243784,10.034250
91.300000,0.248113,10.263559
91.300000,0.244324,10.144649
91.300000,0.247786,10.328053
91.300000,0.251464,10.522909
91.300000,0.253411,10.626095
91.400000,0.258169,10.878244
91.400000,0.261629,11.061655
91.400000,0.265521,11.268007
91.400000,0.269412,11.474354
91.400000,0.272870,11.657753
91.400000,0.276544,11.852598
91.500000,0.242024,10.003649
91.500000,0.244834,10.152656
91.500000,0.249155,10.381879
91.500000,0.252180,10.542356
91.500000,0.240703,9.955521
91.500000,0.243943,10.127466
91.600000,0.239500,9.896347
91.600000,0.242955,10.079733
91.600000,0.245978,10.240207
91.600000,0.241751,10.017032
91.600000,0.242111,10.041251
91.600000,0.242487,10.065215
91.700000,0.239336,9.907161
91.700000,0.243220,10.113465
91.700000,0.247320,10.331242
91.700000,0.250340,10.491724
91.700000,0.239505,9.927279
91.700000,0.242956,10.110672
91.800000,0.247700,10.362882
91.800000,0.238589,9.894310
91.800000,0.242253,10.089148
91.800000,0.243054,10.134641
91.800000,0.243623,10.168640
91.900000,0.247932,10.397888
91.900000,0.250948,10.558368
91.900000,0.255256,10.787580
91.900000,0.258487,10.959500
91.900000,0.263225,11.211677
92.000000,0.266024,11.360665
92.000000,0.239174,9.962404
92.000000,0.242403,10.134342
92.000000,0.245631,10.306269
92.000000,0.250366,10.558413
92.000000,0.244358,10.248997
92.100000,0.248446,10.466751
92.100000,0.238727,9.962386
92.100000,0.241738,10.122859
92.100000,0.246039,10.352105
92.100000,0.234767,9.767512
92.100000,0.239065,9.996771
92.200000,0.235686,9.824805
92.200000,0.238694,9.985268
92.200000,0.235528,9.824744
92.200000,0.239395,10.031087
92.200000,0.241944,10.168636
92.200000,0.245166,10.340574
92.300000,0.242241,10.191558
92.300000,0.246535,10.420772
92.300000,0.250615,10.638551
92.300000,0.254480,10.844876
92.300000,0.258129,11.039723
92.300000,0.261564,11.223109
92.400000,0.266501,11.486740
92.400000,0.270150,11.681574
92.400000,0.274227,11.899332
92.400000,0.278304,12.116611
92.400000,0.281094,12.255403
92.500000,0.284742,12.408475
92.500000,0.288178,12.527052
92.500000,0.240216,9.938290
92.500000,0.244509,10.076835
92.500000,0.248589,10.190576
92.600000,0.252456,10.283045
92.600000,0.256110,10.367072
92.600000,0.237380,9.288134
92.600000,0.240603,9.374344
92.600000,0.244473,9.462418
92.600000,0.249421,9.522681
92.700000,0.254590,9.552227
92.700000,0.258899,9.591330
92.700000,0.262133,9.637735
92.700000,0.264936,9.676279
92.700000,0.269251,9.699486
92.800000,0.272922,9.681594
92.800000,0.276812,9.647651
92.800000,0.279839,9.628557
92.800000,0.284597,9.627717
92.800000,0.237579,6.976279
92.800000,0.239508,6.932924
92.900000,0.243184,6.939961
92.900000,0.247295,6.933731
92.900000,0.251842,6.920365
92.900000,0.256175,6.914022
92.900000,0.260727,6.917795
93.000000,0.264630,6.924565
93.000000,0.268969,6.928931
93.000000,0.272441,6.928157
93.000000,0.275264,6.925589
93.000000,0.278739,6.922125
93.000000,0.283519,6.920132
93.100000,0.286779,6.921103
93.100000,0.290039,6.923000
93.100000,0.293519,6.924726
93.100000,0.296129,6.925246
93.100000,0.298957,6.924978
93.100000,0.302874,6.923730
93.100000,0.305921,6.922738
93.200000,0.235554,3.025210
93.200000,0.237726,3.025348
93.200000,0.241854,3.026088
93.200000,0.245114,3.026670
93.200000,0.236585,2.396544
93.200000,0.237441,2.247343
93.300000,0.233723,1.857171
93.300000,0.237199,1.856829
93.300000,0.239808,1.856733
93.300000,0.243721,1.856849
93.300000,0.232388,1.077770
93.300000,0.236300,1.077959
93.400000,0.240213,1.077958
93.400000,0.243476,1.077837
93.400000,0.233463,0.496824
93.400000,0.234332,0.383229
93.400000,0.239115,0.383294
93.500000,0.240420,0.269848
93.500000,0.228690,0.087917
93.500000,0.233687,0.087987
93.500000,0.229350,0.243975
93.500000,0.232826,0.244021
93.500000,0.229140,0.296727
93.600000,0.233051,0.296717
93.600000,0.229149,0.372801
93.600000,0.233277,0.372808
93.600000,0.236321,0.372828
93.600000,0.236977,0.401533
93.600000,0.236114,0.447884
93.700000,0.232862,0.403519
93.700000,0.230044,0.373019
93.700000,0.233738,0.373026
93.700000,0.228750,0.405092
93.700000,0.231792,0.405105
93.700000,0.235703,0.405127
93.800000,0.231801,0.413941
93.800000,0.235495,0.413961
93.800000,0.230940,0.394041
93.800000,0.234199,0.394053
93.800000,0.237026,0.394076
93.800000,0.240070,0.394088
93.900000,0.243985,0.394106
93.900000,0.233999,0.405080
93.900000,0.230097,0.402295
93.900000,0.234225,0.402313
93.900000,0.230105,0.396905
93.900000,0.231409,0.396910
93.900000,0.234667,0.396923
94.000000,0.238796,0.396939
94.000000,0.242493,0.396955
94.000000,0.245755,0.396969
94.000000,0.248583,0.396981
